facility,name,volume_group,origin,target_end,previous_7,prediction,lower,upper,model,model_version,split,interval_level,training_cutoff,calibration_target_end,availability_assumption,units,interval_width,review_status,selected_origin
335762,ST MARYS CENTER INC,medium,2026-03-24,2026-03-31,44.75,44.75,28.052919708029197,61.447080291970806,previous_7,c1b7f9939a74d3d1-previous_7,test,0.9,2025-06-30,2025-09-30,historical replay: internal daily feed through end of origin,contract RN + LPN + CNA hours over next seven calendar days,33.39416058394161,Available,2026-03-24
335590,PONTIAC NURSING HOME,low,2026-03-24,2026-03-31,58.25,58.25,36.62591240875912,79.87408759124088,previous_7,c1b7f9939a74d3d1-previous_7,test,0.9,2025-06-30,2025-09-30,historical replay: internal daily feed through end of origin,contract RN + LPN + CNA hours over next seven calendar days,43.24817518248176,Low historical coverage — review,2026-03-24
335617,LATTA ROAD NURSING HOME WEST,low,2026-03-24,2026-03-31,0.0,0.0,0.0,0.36496350364963503,previous_7,c1b7f9939a74d3d1-previous_7,test,0.9,2025-06-30,2025-09-30,historical replay: internal daily feed through end of origin,contract RN + LPN + CNA hours over next seven calendar days,0.36496350364963503,Available,2026-03-24
335139,FOREST HILLS CARE CENTER,low,2026-03-24,2026-03-31,0.0,0.0,0.0,0.36496350364963503,previous_7,c1b7f9939a74d3d1-previous_7,test,0.9,2025-06-30,2025-09-30,historical replay: internal daily feed through end of origin,contract RN + LPN + CNA hours over next seven calendar days,0.36496350364963503,Available,2026-03-24
335524,METHODIST HOME FOR NURSING AND REHABILITATION,medium,2026-03-24,2026-03-31,427.5,427.5,271.1131386861314,583.8868613138686,previous_7,c1b7f9939a74d3d1-previous_7,test,0.9,2025-06-30,2025-09-30,historical replay: internal daily feed through end of origin,contract RN + LPN + CNA hours over next seven calendar days,312.77372262773724,Available,2026-03-24
335291,WILLOW POINT REHABILITATION AND NURSING CENTER,high,2026-03-24,2026-03-31,3048.75,3048.75,1935.7025547445255,4161.7974452554745,previous_7,c1b7f9939a74d3d1-previous_7,test,0.9,2025-06-30,2025-09-30,historical replay: internal daily feed through end of origin,contract RN + LPN + CNA hours over next seven calendar days,2226.094890510949,Available,2026-03-24
335175,BROOKSIDE MULTICARE NURSING CENTER,high,2026-03-24,2026-03-31,806.5,806.5,511.7919708029197,1101.2080291970804,previous_7,c1b7f9939a74d3d1-previous_7,test,0.9,2025-06-30,2025-09-30,historical replay: internal daily feed through end of origin,contract RN + LPN + CNA hours over next seven calendar days,589.4160583941607,Available,2026-03-24
335619,NORTH COUNTRY NURSING & REHABILITATION CENTER,low,2026-03-24,2026-03-31,50.0,50.0,31.386861313868614,68.61313868613138,previous_7,c1b7f9939a74d3d1-previous_7,test,0.9,2025-06-30,2025-09-30,historical replay: internal daily feed through end of origin,contract RN + LPN + CNA hours over next seven calendar days,37.226277372262764,Available,2026-03-24
335133,SAPPHIRE CENTER FOR REHAB & NURSING,high,2026-03-24,2026-03-31,716.5,716.5,454.63868613138686,978.3613138686131,previous_7,c1b7f9939a74d3d1-previous_7,test,0.9,2025-06-30,2025-09-30,historical replay: internal daily feed through end of origin,contract RN + LPN + CNA hours over next seven calendar days,523.7226277372263,Available,2026-03-24
335772,RICHMOND CTR FOR REHAB AND SPECIALTY HEALTHCARE,high,2026-03-24,2026-03-31,3473.0,3473.0,2205.116788321168,4740.883211678833,previous_7,c1b7f9939a74d3d1-previous_7,test,0.9,2025-06-30,2025-09-30,historical replay: internal daily feed through end of origin,contract RN + LPN + CNA hours over next seven calendar days,2535.7664233576647,Available,2026-03-24
335691,ELDERWOOD AT HORNELL,low,2026-03-24,2026-03-31,0.0,0.0,0.0,0.36496350364963503,previous_7,c1b7f9939a74d3d1-previous_7,test,0.9,2025-06-30,2025-09-30,historical replay: internal daily feed through end of origin,contract RN + LPN + CNA hours over next seven calendar days,0.36496350364963503,Available,2026-03-24
335269,THE WARTBURG HOME,low,2026-03-24,2026-03-31,0.0,0.0,0.0,0.36496350364963503,previous_7,c1b7f9939a74d3d1-previous_7,test,0.9,2025-06-30,2025-09-30,historical replay: internal daily feed through end of origin,contract RN + LPN + CNA hours over next seven calendar days,0.36496350364963503,Available,2026-03-24
335859,GOOD SHEPHERD VILLAGE AT ENDWELL,low,2026-03-24,2026-03-31,0.0,0.0,0.0,0.36496350364963503,previous_7,c1b7f9939a74d3d1-previous_7,test,0.9,2025-06-30,2025-09-30,historical replay: internal daily feed through end of origin,contract RN + LPN + CNA hours over next seven calendar days,0.36496350364963503,Available,2026-03-24
335386,THE GRAND REHABILITATION AND NURSING AT MOHAWK,low,2026-03-24,2026-03-31,0.0,0.0,0.0,0.36496350364963503,previous_7,c1b7f9939a74d3d1-previous_7,test,0.9,2025-06-30,2025-09-30,historical replay: internal daily feed through end of origin,contract RN + LPN + CNA hours over next seven calendar days,0.36496350364963503,Available,2026-03-24
335480,CHEMUNG COUNTY HEALTH CENTER - NURSING FACILITY,high,2026-03-24,2026-03-31,1158.46,1158.46,735.2994160583942,1581.620583941606,previous_7,c1b7f9939a74d3d1-previous_7,test,0.9,2025-06-30,2025-09-30,historical replay: internal daily feed through end of origin,contract RN + LPN + CNA hours over next seven calendar days,846.3211678832117,Available,2026-03-24
335472,CENTRAL QUEENS REHAB & NURSING CENTER,high,2026-03-24,2026-03-31,0.0,0.0,0.0,0.36496350364963503,previous_7,c1b7f9939a74d3d1-previous_7,test,0.9,2025-06-30,2025-09-30,historical replay: internal daily feed through end of origin,contract RN + LPN + CNA hours over next seven calendar days,0.36496350364963503,Available,2026-03-24
335662,AUTUMN VIEW HEALTH CARE FACILITY L L C,low,2026-03-24,2026-03-31,0.0,0.0,0.0,0.36496350364963503,previous_7,c1b7f9939a74d3d1-previous_7,test,0.9,2025-06-30,2025-09-30,historical replay: internal daily feed through end of origin,contract RN + LPN + CNA hours over next seven calendar days,0.36496350364963503,Available,2026-03-24
335154,WATERVIEW NURSING CARE CENTER,medium,2026-03-24,2026-03-31,76.75,76.75,48.37408759124088,105.12591240875912,previous_7,c1b7f9939a74d3d1-previous_7,test,0.9,2025-06-30,2025-09-30,historical replay: internal daily feed through end of origin,contract RN + LPN + CNA hours over next seven calendar days,56.75182481751824,Available,2026-03-24
335061,UNIVERSITY CENTER FOR REHABILITATION AND NURSING,low,2026-03-24,2026-03-31,14.5,14.5,8.843065693430656,20.156934306569344,previous_7,c1b7f9939a74d3d1-previous_7,test,0.9,2025-06-30,2025-09-30,historical replay: internal daily feed through end of origin,contract RN + LPN + CNA hours over next seven calendar days,11.313868613138688,Low historical coverage — review,2026-03-24
335323,THE ELEANOR NURSING CARE CENTER,low,2026-03-24,2026-03-31,0.0,0.0,0.0,0.36496350364963503,previous_7,c1b7f9939a74d3d1-previous_7,test,0.9,2025-06-30,2025-09-30,historical replay: internal daily feed through end of origin,contract RN + LPN + CNA hours over next seven calendar days,0.36496350364963503,Available,2026-03-24
335695,MANHATTANVILLE HEALTH CARE CENTER,medium,2026-03-24,2026-03-31,135.25,135.25,85.52372262773723,184.97627737226276,previous_7,c1b7f9939a74d3d1-previous_7,test,0.9,2025-06-30,2025-09-30,historical replay: internal daily feed through end of origin,contract RN + LPN + CNA hours over next seven calendar days,99.45255474452553,Low historical coverage — review,2026-03-24
335842,PECONIC LANDING AT SOUTHOLD,medium,2026-03-24,2026-03-31,178.34,178.34,112.88744525547446,243.79255474452555,previous_7,c1b7f9939a74d3d1-previous_7,test,0.9,2025-06-30,2025-09-30,historical replay: internal daily feed through end of origin,contract RN + LPN + CNA hours over next seven calendar days,130.90510948905109,Low historical coverage — review,2026-03-24
335159,ROSS CENTER FOR NURSING AND REHABILITATION,medium,2026-03-24,2026-03-31,107.85999999999999,107.85999999999999,68.13007299270072,147.58992700729925,previous_7,c1b7f9939a74d3d1-previous_7,test,0.9,2025-06-30,2025-09-30,historical replay: internal daily feed through end of origin,contract RN + LPN + CNA hours over next seven calendar days,79.45985401459853,Low historical coverage — review,2026-03-24
335426,FRANKLIN CENTER FOR REHABILITATION AND NURSING,high,2026-03-24,2026-03-31,3639.25,3639.25,2310.6916058394163,4967.808394160584,previous_7,c1b7f9939a74d3d1-previous_7,test,0.9,2025-06-30,2025-09-30,historical replay: internal daily feed through end of origin,contract RN + LPN + CNA hours over next seven calendar days,2657.1167883211674,Available,2026-03-24
335131,"NEW CARLTON REHAB AND NURSING CENTER, L L C",high,2026-03-24,2026-03-31,741.24,741.24,470.3494890510949,1012.1305109489051,previous_7,c1b7f9939a74d3d1-previous_7,test,0.9,2025-06-30,2025-09-30,historical replay: internal daily feed through end of origin,contract RN + LPN + CNA hours over next seven calendar days,541.7810218978102,Available,2026-03-24
335110,EVERGREEN COMMONS REHABILITATION AND NURSING CTR,medium,2026-03-24,2026-03-31,174.07,174.07,110.17583941605838,237.9641605839416,previous_7,c1b7f9939a74d3d1-previous_7,test,0.9,2025-06-30,2025-09-30,historical replay: internal daily feed through end of origin,contract RN + LPN + CNA hours over next seven calendar days,127.78832116788323,Low historical coverage — review,2026-03-24
335835,ISLAND NURSING AND REHAB CENTER,medium,2026-03-24,2026-03-31,0.0,0.0,0.0,0.36496350364963503,previous_7,c1b7f9939a74d3d1-previous_7,test,0.9,2025-06-30,2025-09-30,historical replay: internal daily feed through end of origin,contract RN + LPN + CNA hours over next seven calendar days,0.36496350364963503,Low historical coverage — review,2026-03-24
335668,KIRKHAVEN,low,,,,,,,,,,,,,,,,Withheld — incomplete history,2026-03-24
335187,HUDSON POINTE AT RIVERDALE CTR FOR NURSING & REHAB,high,2026-03-24,2026-03-31,968.25,968.25,614.5091240875913,1321.9908759124087,previous_7,c1b7f9939a74d3d1-previous_7,test,0.9,2025-06-30,2025-09-30,historical replay: internal daily feed through end of origin,contract RN + LPN + CNA hours over next seven calendar days,707.4817518248174,Available,2026-03-24
335229,PUTNAM NURSING & REHABILITATION CENTER,high,2026-03-24,2026-03-31,100.0,100.0,63.13868613138686,136.86131386861314,previous_7,c1b7f9939a74d3d1-previous_7,test,0.9,2025-06-30,2025-09-30,historical replay: internal daily feed through end of origin,contract RN + LPN + CNA hours over next seven calendar days,73.72262773722628,Available,2026-03-24
335503,HOLLISWOOD CTR FOR REHABILITATION AND HEALTHCARE,medium,2026-03-24,2026-03-31,55.5,55.5,34.879562043795616,76.12043795620438,previous_7,c1b7f9939a74d3d1-previous_7,test,0.9,2025-06-30,2025-09-30,historical replay: internal daily feed through end of origin,contract RN + LPN + CNA hours over next seven calendar days,41.24087591240877,Low historical coverage — review,2026-03-24
335266,"WOODCREST REHAB & RESIDENTIAL H C CENTER, L L C",high,2026-03-24,2026-03-31,2142.75,2142.75,1360.359489051095,2925.140510948905,previous_7,c1b7f9939a74d3d1-previous_7,test,0.9,2025-06-30,2025-09-30,historical replay: internal daily feed through end of origin,contract RN + LPN + CNA hours over next seven calendar days,1564.7810218978102,Available,2026-03-24
335809,THE GROVE AT VALHALLA REHAB AND NURSING CENTER,medium,2026-03-24,2026-03-31,188.64999999999998,188.64999999999998,119.4346715328467,257.86532846715323,previous_7,c1b7f9939a74d3d1-previous_7,test,0.9,2025-06-30,2025-09-30,historical replay: internal daily feed through end of origin,contract RN + LPN + CNA hours over next seven calendar days,138.4306569343065,Low historical coverage — review,2026-03-24
335466,KINGSWAY ARMS NURSING CENTER INC,low,2026-03-24,2026-03-31,0.0,0.0,0.0,0.36496350364963503,previous_7,c1b7f9939a74d3d1-previous_7,test,0.9,2025-06-30,2025-09-30,historical replay: internal daily feed through end of origin,contract RN + LPN + CNA hours over next seven calendar days,0.36496350364963503,Available,2026-03-24
335763,ST VINCENT DEPAUL RESIDENCE,high,2026-03-24,2026-03-31,9.75,9.75,5.826642335766423,13.673357664233578,previous_7,c1b7f9939a74d3d1-previous_7,test,0.9,2025-06-30,2025-09-30,historical replay: internal daily feed through end of origin,contract RN + LPN + CNA hours over next seven calendar days,7.8467153284671545,Low historical coverage — review,2026-03-24
335372,"NEW VANDERBILT REHABILITATION AND CARE CENTER, INC",high,2026-03-24,2026-03-31,2538.3599999999997,2538.3599999999997,1611.5862773722624,3465.133722627737,previous_7,c1b7f9939a74d3d1-previous_7,test,0.9,2025-06-30,2025-09-30,historical replay: internal daily feed through end of origin,contract RN + LPN + CNA hours over next seven calendar days,1853.5474452554745,Available,2026-03-24
335407,PENFIELD PLACE,low,2026-03-24,2026-03-31,0.0,0.0,0.0,0.36496350364963503,previous_7,c1b7f9939a74d3d1-previous_7,test,0.9,2025-06-30,2025-09-30,historical replay: internal daily feed through end of origin,contract RN + LPN + CNA hours over next seven calendar days,0.36496350364963503,Available,2026-03-24
335850,THE HAMPTONS CENTER FOR REHABILITATION AND NURSING,high,2026-03-24,2026-03-31,2401.27,2401.27,1524.5291240875913,3278.0108759124087,previous_7,c1b7f9939a74d3d1-previous_7,test,0.9,2025-06-30,2025-09-30,historical replay: internal daily feed through end of origin,contract RN + LPN + CNA hours over next seven calendar days,1753.4817518248174,Available,2026-03-24
335751,HIGHBRIDGE WOODYCREST CENTER,high,2026-03-24,2026-03-31,1149.75,1149.75,729.7682481751824,1569.7317518248176,previous_7,c1b7f9939a74d3d1-previous_7,test,0.9,2025-06-30,2025-09-30,historical replay: internal daily feed through end of origin,contract RN + LPN + CNA hours over next seven calendar days,839.9635036496352,Available,2026-03-24
335168,OCEANVIEW NURSING & REHABILITATION CARE CENTER,medium,2026-03-24,2026-03-31,400.53,400.53,253.98620437956203,547.073795620438,previous_7,c1b7f9939a74d3d1-previous_7,test,0.9,2025-06-30,2025-09-30,historical replay: internal daily feed through end of origin,contract RN + LPN + CNA hours over next seven calendar days,293.08759124087595,Available,2026-03-24
335046,NORTHERN MANOR GERIATRIC CENTER INC,medium,2026-03-24,2026-03-31,53.5,53.5,33.60948905109489,73.3905109489051,previous_7,c1b7f9939a74d3d1-previous_7,test,0.9,2025-06-30,2025-09-30,historical replay: internal daily feed through end of origin,contract RN + LPN + CNA hours over next seven calendar days,39.78102189781021,Low historical coverage — review,2026-03-24
335843,OUR LADY OF PEACE NURSING CARE RESIDENCE,high,2026-03-24,2026-03-31,267.3,267.3,169.38029197080294,365.2197080291971,previous_7,c1b7f9939a74d3d1-previous_7,test,0.9,2025-06-30,2025-09-30,historical replay: internal daily feed through end of origin,contract RN + LPN + CNA hours over next seven calendar days,195.83941605839414,Low historical coverage — review,2026-03-24
335782,WESTHAMPTON CARE CENTER,medium,2026-03-24,2026-03-31,155.79,155.79,98.56737226277372,213.01262773722627,previous_7,c1b7f9939a74d3d1-previous_7,test,0.9,2025-06-30,2025-09-30,historical replay: internal daily feed through end of origin,contract RN + LPN + CNA hours over next seven calendar days,114.44525547445255,Available,2026-03-24
335211,GLENGARIFF HEALTH CARE CENTER,medium,2026-03-24,2026-03-31,144.75,144.75,91.55656934306569,197.9434306569343,previous_7,c1b7f9939a74d3d1-previous_7,test,0.9,2025-06-30,2025-09-30,historical replay: internal daily feed through end of origin,contract RN + LPN + CNA hours over next seven calendar days,106.38686131386862,Available,2026-03-24
335723,EAST HAVEN NURSING & REHABILITATION CENTER,high,2026-03-24,2026-03-31,899.75,899.75,571.0091240875913,1228.4908759124087,previous_7,c1b7f9939a74d3d1-previous_7,test,0.9,2025-06-30,2025-09-30,historical replay: internal daily feed through end of origin,contract RN + LPN + CNA hours over next seven calendar days,657.4817518248174,Available,2026-03-24
335750,FISHKILL CENTER FOR REHABILITATION AND NURSING,low,2026-03-24,2026-03-31,0.0,0.0,0.0,0.36496350364963503,previous_7,c1b7f9939a74d3d1-previous_7,test,0.9,2025-06-30,2025-09-30,historical replay: internal daily feed through end of origin,contract RN + LPN + CNA hours over next seven calendar days,0.36496350364963503,Available,2026-03-24
335418,"NORTHERN RIVERVIEW HEALTH CARE, INC",medium,2026-03-24,2026-03-31,29.75,29.75,18.527372262773724,40.972627737226276,previous_7,c1b7f9939a74d3d1-previous_7,test,0.9,2025-06-30,2025-09-30,historical replay: internal daily feed through end of origin,contract RN + LPN + CNA hours over next seven calendar days,22.44525547445255,Low historical coverage — review,2026-03-24
335429,ELDERWOOD AT NORTH CREEK,low,2026-03-24,2026-03-31,0.0,0.0,0.0,0.36496350364963503,previous_7,c1b7f9939a74d3d1-previous_7,test,0.9,2025-06-30,2025-09-30,historical replay: internal daily feed through end of origin,contract RN + LPN + CNA hours over next seven calendar days,0.36496350364963503,Available,2026-03-24
335419,ST CATHERINE LABOURE HEALTH CARE CENTER,low,2026-03-24,2026-03-31,164.5,164.5,104.0985401459854,224.9014598540146,previous_7,c1b7f9939a74d3d1-previous_7,test,0.9,2025-06-30,2025-09-30,historical replay: internal daily feed through end of origin,contract RN + LPN + CNA hours over next seven calendar days,120.80291970802921,Low historical coverage — review,2026-03-24
335353,HERITAGE VILLAGE REHAB AND SKILLED NURSING INC.,medium,2026-03-24,2026-03-31,0.0,0.0,0.0,0.36496350364963503,previous_7,c1b7f9939a74d3d1-previous_7,test,0.9,2025-06-30,2025-09-30,historical replay: internal daily feed through end of origin,contract RN + LPN + CNA hours over next seven calendar days,0.36496350364963503,Available,2026-03-24
