facility,valid_days,training_daily_mean,training_coverage,eligible,selection_hash,selected
335003,275,6.472727272727273,1.0,True,64c0519052ccd1a2f3693f7afffe1b9b4797502c7ee5a4f1aeeaf0afa7fe6c68,False
335004,275,7.461309090909092,1.0,True,8a81828a92d936195afff511b6d912d14133710bd90ad8e07fbbb03627f6293e,False
335005,275,128.1938909090909,1.0,True,2e082060b2298014964c5d9274d43f36f45d1d4440da5bca8a8ca137e8a13c7a,False
335006,275,0.0,1.0,True,23ad294b5c96be4a4713cd8ee608b0a014393c5bd3f1eb6be96eb888c862d9d9,False
335008,275,50.15516363636364,1.0,True,cd261112d390f48d19bbddb147e1ad09903af9dc7fe3cee7b20ed5dfaed7e328,False
335011,275,480.7927272727273,1.0,True,19ae0511effb0fbc65efde9c25a8275f7ab2f9bf4622e719d22857f96bb3e47e,False
335014,275,117.32818181818182,1.0,True,4926cb659785815c1adbfa5bc9523e895ef19ed22040fbcfcf446dd97a57ba2a,False
335015,275,228.91105454545456,1.0,True,31443a15fc5feaea73131e078b3fd5fe9f82456ede86f50735ded0f536c63551,False
335017,275,29.55781818181818,1.0,True,cb1a822cd425074976a9a2649f67154a314f5cb53ad53eb656a3ea73cdc7e8c4,False
335019,275,4.065454545454545,1.0,True,d662e95d5b836bdec449866f1217609e5b9acdab0b4ea8706f711dce70adc96f,False
335020,275,127.77545454545455,1.0,True,93c36c8128e776186f9f1c75be9f5f3793e70ef263ccb69f67449afef5910c6f,False
335022,275,21.13909090909091,1.0,True,834f845a5b130540bb9556306a766b288d138a3097a1f03adda6fe787ad883ba,False
335023,275,8.153636363636364,1.0,True,6b38ed6ebbe3bc182a4fc56f64e3bee57aadd85b0fff42d92d7817691d3d28fc,False
335024,275,0.0,1.0,True,a760ba107fcc99725b8dcdb5b8ca54518691d235adaa26bd00e53c13b218eb86,False
335027,275,31.250727272727275,1.0,True,aafb1180c6001f46f96b165be1620b09a2d784436c89044c7aa1b46d434889ca,False
335028,275,79.41818181818182,1.0,True,d3e9ce76af74716ffac47afa20139bc5e096f8a264797ebd7b4f67e21982e2c1,False
335030,275,103.63163636363636,1.0,True,b35cac744733947bc79f9d1a0ee6fe63b81bba9decfe3c34eb991d84ce606448,False
335034,275,52.34854545454546,1.0,True,4273144b50ba17bf02834b5f85d2d086170566c47cabe9b186ea87b849a0028f,False
335040,275,49.35367272727273,1.0,True,2c9066a052b7a810634a7005e7459ec28efe597b7899105f3e863a8ce6f99f92,False
335044,275,158.65636363636364,1.0,True,eeef2bf77167087b1d7655315fa0e29d8fd374a8afa12e7735116d9d276a7e99,False
335046,275,32.724545454545456,1.0,True,131f7cf980f3d46787d205f9b67bebda347642ffdc553659a974511be0a79b2a,True
335048,275,32.871818181818185,1.0,True,c7428867f5cb5fe7987a1d3f6607911942f1fa359d5f491466158833edf89b1f,False
335050,275,131.54549090909092,1.0,True,af9a2391a91823189d9d548c200713531f55b195f51129ca98f4208a21c776ba,False
335053,275,4.767963636363636,1.0,True,52175b7a82e44b409bac67f518c3262e55486e065808351d85fd7cf2e0d1cc48,False
335056,275,0.0,1.0,True,ee2b4b8bfa8a7e682d15ba0af03e5c46dcc9d1c915fb22de89b19d47eb8ee74e,False
335061,275,3.928181818181818,1.0,True,0adcd1d9541e9ce74b4b512e68c31448d73408f3a2ec6530c86293a03fb6e751,True
335063,275,122.47101818181818,1.0,True,9736c732cd351ba66973dadd0a3515dcfc5b2d63527fcec1fd1d203bf3a27a2f,False
335067,275,110.00083636363637,1.0,True,34c14d1cf67e016acca8f161c278a44233bf4fef04818b8c014e5204ea3171b2,False
335068,275,12.386327272727272,1.0,True,4f712f593ca4d6ae8b7cd2ac821727b59a8cbd99ad8d52e2cc28e94647472b3a,False
335069,275,0.0,1.0,True,8942bc37660f029c9ba06b09ff999e1d2ff9be4792e283846255f18836848d2b,False
335070,275,284.7216,1.0,True,e8eb23d9094ed5c50f874b70a89388437be3eaa0c4d32172bba3672fce8718ab,False
335072,275,17.48,1.0,True,b823ceb86d23038955c95dda1a81b9677ef8b158e8b7cfcb956cdbf66a2974ea,False
335074,275,91.02821818181818,1.0,True,aa8a64478af6f4c1bb4bb8e033528e795943652fd45ab92be5df1e859dccbaed,False
335077,275,0.0,1.0,True,d15ada774a41da16cf18b615d116d4d5161fe2c1b17a5e41f239653456787d22,False
335078,275,0.13818181818181818,1.0,True,5db8f467a857ae1803ce51c4ee75dddc3917d936ef70cdfb2271034ece22fc1b,False
335079,275,20.193636363636365,1.0,True,980b884fe3ff713ce2aad77ee9a00bd07ad812cf88563c94841199ebd433e93f,False
335080,275,359.92832727272724,1.0,True,8bd08e95cb7ca454bd743734aa8b97b45f3e6a752ab83487d300a57e49491e93,False
335081,275,5.120472727272728,1.0,True,b05cef4a6f0ae452932897449d73a7f2ecd8e60a63d46834166e4e3c7c5fbd83,False
335082,275,0.3558181818181818,1.0,True,71e085b325984d46d3326990960295d0607e3fd50bf0c864ee0b60bd54644854,False
335083,275,16.865454545454547,1.0,True,7cc84f7a22d0925973781fe3fb81e41b48411253ebcd0d6df765ee5e83a47d78,False
335087,275,0.0,1.0,True,714e32977541921f006633f2644dd40171b7ca292c360bc518ca51f4167da1cd,False
335090,275,56.12570909090909,1.0,True,2a7428b852e54d1819319ed56415fe45fd892936b0860c9c05e68172bfa6a098,False
335091,275,97.35909090909091,1.0,True,bad916843bce2d792eccfb2c80cfbae02654aefe15cb8eeeacf231a325d1da9c,False
335092,275,116.4166909090909,1.0,True,6fd5be15b7141e7794562b04b22ce16bf3f5b1cbc33870b7bb21eb0f427d993c,False
335093,275,245.76665454545454,1.0,True,b95c831898589dedc0c6c0f7f830bbcaf12f975b719d441955f0a8ef2aba1f35,False
335096,275,90.8869090909091,1.0,True,5a4b6a3a887063ea960304cc08ca9fc437c524c04c1f10295522174ecebce722,False
335097,275,128.76909090909092,1.0,True,a958690dc34dcf7094a0f92b0756c730f8d833a62214c90b0a664e2573e258af,False
335098,275,0.0,1.0,True,fd40ce64e2382a0e6a94de43d66284f1ca7647d58e4b533ca32f248c77ad678d,False
335100,275,846.6019636363636,1.0,True,3912ebebf3dc28a4ed43bb1f56ca369f0e086f9c7215e7e6faecefe165597f2f,False
335103,275,0.0,1.0,True,3afca967629070463bbca3a8e0930c574ea221e06c32df53d2aa3945f9a3cdf1,False
335104,275,65.34927272727272,1.0,True,b792de1a4711eb936ade9ff5bd6370569ad4927ce3275e7ff22eaa3be37a2ad7,False
335105,275,0.0,1.0,True,2d5765dc2e4ec5fe211045c39fcd03fa95e34a7a0f80e60cc7d421506b10eda8,False
335108,275,0.0,1.0,True,73923917a326a98b23eab4ec41f2dbdcf9065fd5bf0b6bf6dfb094dd1c563a9d,False
335110,275,23.825636363636363,1.0,True,0d0b9e67841612f7e7ce3a5396b208d419abe76a9f7dd6c4eecc7ebecadbadaf,True
335112,275,0.0,1.0,True,40983aedeb10133ee7f85677089cd91cbd02c3ef062d0a50accd5279184f983d,False
335125,275,230.70898181818183,1.0,True,b6a8eb8f1650ac87fbcb6334c8d82a146ffd5f11e2c2dd1a57edfd34c12039dd,False
335127,275,96.99272727272728,1.0,True,992639d2d3a2d60ed739fcd4064697523f68d913b6353a84126e09c5f875942e,False
335128,275,22.2224,1.0,True,37071d5c06ff348a29eccbf750ebf2a73b5274b44d997217076398ca10491784,False
335130,275,9.212727272727273,1.0,True,c8b3b34fe437c4e713f532fa483fab743711244591dfc74f40a50be42d2c7282,False
335131,275,73.92876363636364,1.0,True,0cdd7f28a3a39fe9f7be275922670a1188a0dc3a4858a0f82c9cf113e67681b1,True
335132,275,331.51545454545453,1.0,True,3798dea3ef7739227b01c641fd7e1e024ab4aa003729e850d7ae5a83d55d3e8c,False
335133,275,84.36363636363636,1.0,True,0711f2bedbcf3e0783569bf0e2ce83007e25776bc812193f8c90d4d696bc7913,True
335136,275,6.748181818181818,1.0,True,c20b362d88a9ef1256af47212aa5c8c75e64f39f643f29c5e5f42d7dd4bd2040,False
335139,275,0.0,1.0,True,0454b830e9522369e7cf33ec0a85c4f60d74dedef1966aa6842eb863c019b2f5,True
335140,275,0.0,1.0,True,1a20589e15340a237f9ae048499cc6f97a926532e6bc9edaa7d611c99b82c521,False
335141,275,36.353854545454546,1.0,True,ee6b9c764f554b378d2b98f8eee0f857a787d565e23616e97eab66e360184e6a,False
335142,275,2.7568,1.0,True,7fd92fa5d0d7715e7110f1556584c31a76526891415d528f283cf1c441f5a821,False
335143,275,26.5252,1.0,True,7faccb92a3d7025bdedf2ab47d253d12565f379a595d5f56042bced523c0ffd6,False
335146,275,32.701454545454546,1.0,True,f75381843cb96779c87627601687d615c63cc945c38840d4134587000427df31,False
335148,275,18.387272727272727,1.0,True,613e6e7f33e9a3a7070cab9974bb97fb81402c4ef966062aedb58912cdd9a977,False
335154,275,24.213636363636365,1.0,True,0ab3986231d2c4ac886dd01c3ab25cba33a272df92c5ce33612fd3e3281a43cb,True
335155,275,5.505454545454546,1.0,True,fc7c99c5a508ac0a97430025fababf490f92bc72fe5ad0f543d151b483541b6c,False
335156,275,142.93727272727273,1.0,True,499213c7b28f4e092f38ff854533f8eb04a85a54c67208381e2f6bd362794867,False
335158,275,0.0,1.0,True,22f1678292931461135e9e501be4f715101a4b2692e81ed9a74dfce1adb70d2f,False
335159,275,32.42174545454545,1.0,True,0b7c41d54440fa0e65cac30694fe075f6ec99180b5692bbc3c847419ae3bb37a,True
335160,275,25.78727272727273,1.0,True,5669f684baf120fd08a2a0d15698791a02bb768287e73598c33a31fccab7240a,False
335161,275,58.898618181818186,1.0,True,54006716a92488fe9bd024b917af7fa10f02205465c9fac24d6e9f7b5a13164a,False
335162,275,2.5154545454545456,1.0,True,de33cc92b1fa13773fa8667b2bf90f1660f22ad68e1993cb3b56163a5fcf4ee6,False
335163,275,62.152981818181814,1.0,True,182fe70fb4f68524952d60e13ecd63813232c69a6098c2322d04f67cf3931d02,False
335164,275,0.0,1.0,True,24cedc8f511eb775cd4d4992e123d16944a7db93a712b626461c620863d6ea57,False
335165,275,77.04254545454546,1.0,True,e5f1b532141a3feb3427ab06dae45aa23362012a81e2375b63c9b15f9eb1f464,False
335168,275,69.48930909090909,1.0,True,119910e9b4d4b6d8e50ab7cefa40693c04d14abde57533be3eecd39f757d7419,True
335172,275,26.978036363636363,1.0,True,87a5637351bbec4b721c9add7548f5f4cda583d65e9cd8312db099edae67cab2,False
335174,275,4.820981818181818,1.0,True,748403a2a6d0943d03eef96a6fa55603bce29baf23506c53a6f65e89a0ec46c6,False
335175,275,171.6806909090909,1.0,True,064e9bda46acacfad64fc39635b8119bf2a1c875ab4b9974250b0aaebfd19c90,True
335176,91,1.9230769230769231,0.33090909090909093,False,978f7031aea5e113b6c542c6b7a793cc13d1bdaaf476972719d64a5d9dfc206c,False
335178,275,242.88559999999998,1.0,True,1fe9e9189dcc8e9427bcf45e707557a5f64c2774a3bd0ff3fbaca0339ced81cd,False
335180,275,0.6162909090909091,1.0,True,485a70c9df771d44f51c3cbcc5e3e6abe30f6a55506a0504fe0d3a71ff116118,False
335182,275,42.6968,1.0,True,4177772f672e163b4c264db5bca350c100c1d868c1a99d7dc8d83a4249461817,False
335184,275,129.97036363636363,1.0,True,fe750fa77a7c42edc471efe7247d6e401144568bd5c64b20319d9409c5b2b220,False
335185,275,93.43541818181819,1.0,True,9f58ef90362d418e76a573d9f5023f0080ef8489f3f897644d3d813749f62504,False
335187,275,99.80047272727273,1.0,True,0e9ab4a8d4db75bc1621c43c5c4ed17c031dc273055b653d127c2861505cdb8b,True
335188,275,14.647272727272727,1.0,True,6d372e9a0240387444cc2f7033a2fb7795d9efb2f1318d0b4558d2ef05d23f9a,False
335190,275,0.0,1.0,True,1aae3126ff6a3a14880d9fe9c5fe8828c6dcc6fba09135052793c7f462b65337,False
335196,275,58.68643636363637,1.0,True,26039f92c2310b4c1e64290220692799bb4f2449981f9f5f1a3cb3df3f9c11c1,False
335197,275,39.9864,1.0,True,90c66a3fae39878dd04e01ab45ff124efa873c1e3f8c77a2b978e2ea03ae1035,False
335199,275,274.56225454545455,1.0,True,5852ea51b9f5ee0793fe5e2c43672730f6c170e40dcee33e4bf28ca23e23977f,False
335201,275,565.5872363636363,1.0,True,a54d3dc55acac75a3ccd4d279b2fe8bee616b60c3e2805866bcea9fc0c565cb2,False
335202,275,1.278181818181818,1.0,True,9e02b1c187ef8e6b71a30cbb63a451c5cb617ed5feb5934dac7ac66f322ba71a,False
335204,275,26.247672727272725,1.0,True,b40722a7e3a8c6c9de88dc8c28618b541445bf2db3d2d5d1aeb111182408d4f5,False
335208,275,8.840909090909092,1.0,True,ecf988a4c1c4ee93bd3dda196939ec09da4eb5cfa3c61805e7bf63d287c308ca,False
335210,275,4.596072727272728,1.0,True,bd814a3972c7fdad15ac9cf8a8e84ed53b6749494e658ca4120731f20978044c,False
335211,275,54.67181818181818,1.0,True,13f36780a117bfcfbd3c21b448959506694c1df8eebd0c59901478241f37305c,True
335212,275,139.11916363636362,1.0,True,6136cd826f04421db7d1574e9bd5404c8eca65bd87720f19e05ccb46ca6247fc,False
335213,275,62.39552727272727,1.0,True,dec34158507e2b3c412fec5833011c3a4159466216be37f8563477940c81f486,False
335214,275,20.359636363636362,1.0,True,4a50b903e6221712876c1fd73a221edbe6bae36e1b6fc933806842a9b9dbffcb,False
335216,275,0.0,1.0,True,dd06c6d11d587379d5f49ffdf00d3220038d223869609f9cf4b4519f45d5b909,False
335218,275,64.32996363636364,1.0,True,a15251051605b2412f0e56c0bb49dc1c38a265891d9f7832e324e319f0f95cb7,False
335219,275,0.0,1.0,True,82d6cfec342714df5ff68157554df6e558de2b1886ffa073f13efa76bf6ea9af,False
335220,275,24.837454545454545,1.0,True,e8623f6d2a771ee601a41dc441a08327a392b29026e5c2beb52b38a87ab67d6c,False
335224,275,87.02025454545455,1.0,True,54b08a2f584f93431bdd7610554d2829b923fdb2bc832c2521ac9d52f437ff03,False
335225,275,4.119090909090909,1.0,True,7c655806166110413e41972c680dc99837772146e210cf96e61467ac2074ea3b,False
335226,275,94.90385454545455,1.0,True,d7a9ec2ae27940d32e013cc677d4dfd65d66837b33259e6d0f8a3e59aac5aa41,False
335227,275,702.8509454545455,1.0,True,9f03c3a0737e7e86c61fc5baa0ab5155327c33e588feb3d42ca036a2da9f7375,False
335228,275,86.73443636363636,1.0,True,1e30bdbcb08775be0c8510daa1927d5cbe949ecd57ea4a928a7605d318d619d5,False
335229,275,74.24272727272728,1.0,True,0ec4c8652da407c9b3d6b80bb82d8d530c3e1d369b453ab7ec6b302e7f5e0865,True
335231,275,16.203454545454544,1.0,True,98055ff444715e3bffcd672f8ac134ff1fd34c05b14b2e596ab7c3244608d23b,False
335232,275,98.76716363636363,1.0,True,29fcb2e99c21a00fd85a093f4fc905bba6af6120c6099d3590698bd1b68ac3cd,False
335233,275,0.0,1.0,True,45b52d406c178bc3f4c6b851a26baa6268382a9e6e55ae5ae17f33f7a8df917e,False
335236,275,0.0,1.0,True,96a36c4bcd4e6eac07a6f1e4f55085ca792b0a68bb39b6cf4aaf2436c781c9f8,False
335238,275,28.346363636363638,1.0,True,6d85edb68298702b6f8fc528d7505d8f967fb7877b606375da5357c7fd8fd9ff,False
335239,275,48.233745454545456,1.0,True,af7976477d5217f1efe67c9f97b4ca78eaea8155bd66a92e053ba6e5f45e9328,False
335243,275,0.0,1.0,True,2fd3251848f6a434eaf5c3e852ed398876652902234ed8f0bf44250ffec8d7a3,False
335245,275,59.82545454545455,1.0,True,6dca92de53ecf177cccdca8d3ff2621c178d32d9fb2f9bb2653a74a1db55b886,False
335248,275,99.25396363636364,1.0,True,f0a8d4283054e1a494ccaab7331b413b2e64e6279e517cacbd4c720489c2d8ad,False
335249,275,31.248472727272727,1.0,True,f776765349289f05c5b2a391cbceeac771e7ccd735e2acc1e4278c5cecf82231,False
335250,275,206.9481818181818,1.0,True,41331eb549df8a69a4c5a2c868ffb4be18c4b8053b87d4ab8503791d78f0fb0d,False
335252,275,26.078181818181818,1.0,True,9f99ffb4ad2c04fa54b88c19273f3965be6b15fb64c5ecb9dcb3d30cb21fb63a,False
335253,275,0.0,1.0,True,3de26254da33f1db08dfaf39121a4fb584fc5026cbb04bf482f2564d0733122d,False
335254,275,164.6727272727273,1.0,True,6771bc133765112aa4f723fb4456e96a555f235f3276cbf6239df7883038acdf,False
335255,275,0.0,1.0,True,363d4d24e98439512ed4d1e4de381f929204ad6567a22274f8df545d2c5b4fa8,False
335256,275,42.75636363636364,1.0,True,b4e6d2fb0f59f73732850689d04b5c1878d897d4eb4394dabe53d76008dab7e4,False
335257,275,350.6372727272727,1.0,True,b692913bec68fcc0f9619ae1d1db7f7ac56f53ac2be5eadabc72f8ff9e0b2ffc,False
335259,275,0.6245454545454545,1.0,True,3a809c5d6122dc27767de019cf49a2eaea231b44861f38460030d1930dba7b0c,False
335261,275,47.74069090909091,1.0,True,a85a698c136ee6351b185f5874338e8d569ecec737b10b2088a2de57cf345d1b,False
335263,184,3.655869565217391,0.6690909090909091,False,be3e2702d779a6ecd9d89b6a9fe9ae69bea336f0fd832b602ad8f6b40ba9fb2d,False
335265,275,150.3068,1.0,True,27089a0159247d80d6b1afaff002d96629c70985f7b845230e699c017f74b977,False
335266,275,323.0718181818182,1.0,True,0f67d445b0f6e923325aaf27057be7be5718320ea103c51a7eaefe9f57dbc5c3,True
335267,275,0.0,1.0,True,cf50ac0ff33fae68108698a7e3eb71a9ec40807316727856f628ec03ef22d52a,False
335269,275,0.0,1.0,True,08ebd5bfae60936c55e4c8f7bb0cdb319b0e9f16331b75265599378acd635cf8,True
335271,275,5.571090909090909,1.0,True,a07dd1b3f27281a4955da721f93bcf7fa30b98ccac8951e740165fbaa74a4a46,False
335273,275,183.37254545454545,1.0,True,b995fd9338f7d37617849f76367780cd63fde4c35a3942f0953fae653efb924b,False
335274,275,59.08567272727272,1.0,True,c02ff6eb1317c49d1ae345ba281c9ea9a34d50b0e502e6e59c0e4a60e406fae9,False
335275,275,0.0,1.0,True,604a7b6bf0c074bcd8fe5c906de8b648a4825e7c7d509933f1f8c850cc325003,False
335279,275,0.0,1.0,True,305bc0f094cd20a9e6871f44673f530cb318942751ad72b8c222a1f9c30a005a,False
335280,275,1.010909090909091,1.0,True,dffdd77ac3951c1b403abd9c132a0e6cf10ffcf7dbe6fa6ab77404a90a2b9da8,False
335281,275,11.14389090909091,1.0,True,39356eb9245bc5c3cdae8208202d1075d77b4e26ef7b1249b89e8c8dc9aad0bf,False
335283,275,85.5930181818182,1.0,True,98104c736c5efb341128b0268a74d8f4c8e04819f0861e2867dcad1039f7e190,False
335284,275,69.1832,1.0,True,29fe3483b38905ecd97017324a0ea7034f67da5edcc7262210f4e278c99c8752,False
335285,275,0.0,1.0,True,f8e284b9dc56d7805681b3bc1210b65902728426c278531e326ed573a17135b3,False
335286,275,214.32763636363634,1.0,True,d6b56c3429c6e25774b30c1ed430c888949a4f74dcd69dc11bfe84f8836017c6,False
335287,275,10.962727272727273,1.0,True,3fe4d800b7e17f71c2d4065cabab8b5576c84b843aa735eddd196cd47d19eabf,False
335288,275,59.69101818181818,1.0,True,bd5b3fd99f74eca5aec8b1706b88439f92a673b7080948c4e5eab35c05a95443,False
335289,275,0.0,1.0,True,879a4f8b3af49a369dface8bb3b8ac44bca33c6dcf45f4c94e355968783d3c81,False
335290,275,21.58909090909091,1.0,True,6d76097b17a6a17ba6104355c15a80ee5fa1343e81227ffa3658cbf77162feca,False
335291,275,580.9618181818182,1.0,True,04e08082fe62515d7753088b25c8581c492013d39c850b678276df748bc1a026,True
335292,275,112.16476363636365,1.0,True,67e5266cb3539742fbd660c73c30ff1772993e432d449bbb33e0e3642e071587,False
335294,275,67.66392727272728,1.0,True,55d35cdd0587301c73aa86d159a9d4bd99e5605b769f961312771c975a3ee1af,False
335296,275,4.795454545454546,1.0,True,90206fa231ef5b20c9c59ecc4e85c31896d492fd35fd78c0b2199edf545214a3,False
335297,275,7.914618181818182,1.0,True,3021375d082459103fde404b64bd1cca2d9c79c7d0c03a137b6d7110f05bd125,False
335299,275,11.994254545454545,1.0,True,d870b06308b32db2516a095250135f7401544db9ca3ce150f5537ed1a409c61f,False
335300,183,16.426010928961748,0.6654545454545454,False,86d2cac95f5529ca87df94d04175e9c59cd6391d9df206813a01346f8ce5e455,False
335301,275,26.726363636363637,1.0,True,83a2c1d8c9fbd3d5d6725d314b4ce48a1f7bd758502cbb30c1ab4e1db05d9d91,False
335306,275,34.484545454545454,1.0,True,bf7da696c2d58a1a8aff26652c84eeea4a909b0b8701f26386176bfc9615ba74,False
335308,275,0.0,1.0,True,d0bd98a792caea5a24f3c6be749697b9995248c4e1ef8668fca93ad7bb5dab15,False
335309,275,20.385454545454547,1.0,True,d33324130459e6a8a4603f37af3db9dd665f6b6960b91997e39dec17bc1f8ce3,False
335310,275,254.10145454545452,1.0,True,60ad787659e3b2d52c3a27ac13ce283aa8b49e8016d4fb0a1f1a230c0df5c560,False
335311,184,0.0,0.6690909090909091,False,07482dd34afd354d6bc4e3a4fb07ed26918184e5a682e557efd649692c38e19e,False
335312,275,27.270254545454545,1.0,True,49fcdf7abe2e0fde7b6cf3e98e57b554991b08d081147be997e73357d57b8c26,False
335313,275,3.4709090909090907,1.0,True,f2a1bc0766a5332c59f93883f094104fd54528c4a4be4e34a9db1a8afe5eae16,False
335314,275,0.24629090909090912,1.0,True,22971c2d7e04941945ff3c06505183ef66a038c85ad08cfd47b324b32f46e256,False
335316,275,0.0,1.0,True,626d7b68a83a5486561a606667dd2b427d0056d4895432317c6e10ae0e7c7bee,False
335317,275,337.17963636363635,1.0,True,f2557bacdbb8a5230e3f1d048cf8c83615310770f7dba0058efc83457d3b6616,False
335320,275,27.23,1.0,True,edc3807bec44a773fae0f8de2a7808542a7805d8f77c57008939103f547eb04d,False
335321,275,368.0288,1.0,True,889887002eeb85defa8442f1a70ba88fdb60a629b593203b460840a7daa7d35e,False
335322,275,6.303636363636364,1.0,True,a8924082f8c2b589f0f052738bb7a844ce397f76ab79119254e5c2b5bd999aea,False
335323,275,0.0,1.0,True,0b40c82ae6514662a4a04e26189185517f60c38633cfe5bd8a1338dcec3ac7c4,True
335325,275,1.920909090909091,1.0,True,be070cf89a3e046b55a7a866db7f5797dccc98c2e69c46e2bbe229d7d5f6d191,False
335326,275,0.0,1.0,True,82af7320ebc77d81f1ec2a2fe42b59795c41a22c10acdbd9c95cde216e3c24c9,False
335327,275,0.0,1.0,True,522897acf8e50520c4121c7dfdc59e390c9b01931e1cc1da1bd161c7447a0924,False
335328,275,281.3308727272727,1.0,True,2a470f039247d37ab41a0bedc221f856516bb9e3955f36417fb2e03b58deabb6,False
335330,275,20.38,1.0,True,71e70099739b942d257c913d4e59e65c51b9b251316abef6167b95801a063db9,False
335331,275,46.015454545454546,1.0,True,910fc87f093cfc11437eb6cea7a63f45e5ae291803c7f00fd7a40fdb2a78d731,False
335332,275,65.88705454545455,1.0,True,b3aa5efb8de514e6841840e765a9b5ec41e5f4223ee1f7c7b9589e24fe576506,False
335333,275,12.726363636363637,1.0,True,450729bf08e654dcd33263b746ffeae7532e83df3f297b86c3e5559288518477,False
335334,275,45.48309090909091,1.0,True,9e3088dec308e197a29d6cc8adfec368d1f83bd559e6d8cac606692cf8fdb5c5,False
335336,275,37.63985454545454,1.0,True,fa8d2026617b90cd0ce8adb0e20307ad237903993e3da5b1c7e3899143e455d0,False
335337,275,9.818181818181818,1.0,True,61682e5dd2b00278fad8f8b24d088989e3e2412c91c9c7ea20af66a7d94d4023,False
335338,275,257.49927272727274,1.0,True,bbfa392cc622be4b3859c201780ebb3c81ec986f8dca00d8a99b6dcb351d1f62,False
335339,275,0.0,1.0,True,c7c1c725ce51df8d19f01339d64339f75a9407f30f4e74409c924d4e0132cd78,False
335340,275,50.59,1.0,True,ae97c3654293279a9bd19a7a94808f0d372128cd7f6868c5217ca74019ebb11d,False
335341,275,0.0,1.0,True,88499f2b6b0ecf1ef1b8f56729ddcd9c772312a9b64ff37995e91fa453e1934b,False
335342,275,16.64090909090909,1.0,True,2a57faab2be3bff48e2c5e0d00c38a149a72e31af52b5d478c5c6f89e23defdd,False
335344,275,17.770836363636363,1.0,True,a1923d0ce08356659dda7fc32bf667ace4675429363dfb566dc079a0221aebfe,False
335345,275,0.0,1.0,True,371d46d872476b23e74e03ecedd532f9b185d3508346e8e370ca90499a46c397,False
335346,275,0.0,1.0,True,701f9c83e926c9051136818370e4232552be235e106a39501467761af31d8760,False
335347,275,82.16018181818181,1.0,True,7dc3740546bec14784921da220692fc77493432dad0e3dcd1d1e44316ca3703a,False
335349,275,399.46090909090907,1.0,True,6de579fdd8bc35fed4c46e82448606e21ebf8e2daadb70011dc5234ba379065c,False
335350,275,20.94272727272727,1.0,True,d126e60968b39904556008e1bc35e41082ac3af3c48042ee2bf66c6c1516e32c,False
335351,275,10.915745454545455,1.0,True,293127d61dcb583fb3d3315ce1daf3d1bc4f8ef886a1a4caf44f89b3c580fbdb,False
335353,275,20.97567272727273,1.0,True,16be1728dab1ef9c71320056fdc28bbb33849d0c5e460e58004a02edb248e5a3,True
335357,275,91.45360000000001,1.0,True,f042f8a8bfeb4cd4a5b795a08c169ad3c4a2e45cbc28b818910c153521dc9097,False
335358,275,37.870436363636365,1.0,True,e142ea9b336965184a326b61c7db4f0a4a0c0df7e0c87f7e0b993468659db2f6,False
335361,275,57.0916,1.0,True,f9bfccb369c253df59f4dbfb37ab0a6cf00c6acd8bd8672b1b7147df6cb560d7,False
335363,275,408.57807272727274,1.0,True,541d41b2502f6156465d3e9cc81dbb646ce219b42febfe31ef76ea74ac0d41d4,False
335364,275,17.476727272727274,1.0,True,9953893976db922f234d07083f6d254ad19c9593d3a4d3fb26b1b5824ace1966,False
335365,275,16.69818181818182,1.0,True,525de17db58398122eadd71a0d2375f1f4a238006645832715676c3b53780fe6,False
335366,275,0.0,1.0,True,39c2fe6307b401d056716e8f4c6477bf2d22a076135b6699e44bd9280dd14264,False
335369,275,0.05912727272727272,1.0,True,9f566ddecd55877ca16de93d875ab0d1d938b1d6c0e904c6f06c9d4e58bb7f5b,False
335371,275,30.27141818181818,1.0,True,fec101b53a6becaf2d6802318c3250d7c02cca4b2cad50bf5c159468e5e4ddca,False
335372,275,296.4103272727273,1.0,True,10d48260ab24170590b0e1d5f3813d006ddfdf17992cd11a24f3b2a6a2cad031,True
335373,275,187.64865454545455,1.0,True,b9a2af846d4964cec35abe90f667430bde932b0d870cdbe6dc0f47143612e79a,False
335374,275,47.85909090909091,1.0,True,63b1f4e8e09d2373731d07cc5e5a2e8dc181ced636b6a9eb7b16c8333e970142,False
335375,275,0.0,1.0,True,91ae03a9cb772da01559c502959044342c4735be72f7c6604cab2060b61777f2,False
335376,275,0.0,1.0,True,bf3925873441543362115b853a3305bc106da70b23ee4f6bbe3148fbb0a46551,False
335377,275,20.804654545454543,1.0,True,8732fde1f491bfaf297c2011ee81f0caf57ba7aa88238444a587c55310bdb497,False
335378,275,4.242218181818181,1.0,True,e72cd7e488b9aa0c1466ff11688f58d9362ca1aed71ed5d7f41b7d3f0d772eb8,False
335379,275,220.70818181818183,1.0,True,b1710811907783958cf2a12f670bd7bbb91eb3036518b1f084d00331f8cbcce0,False
335380,275,15.351818181818182,1.0,True,97909e5e31253c50376b49a789e5e8418c46ed2e63bd953e73ecf5cc07e65b10,False
335381,275,137.64516363636363,1.0,True,b2a2890e6ec7bedd36cacad35e34d0a27252dcbe399511648693f9e447fbdd3d,False
335382,275,82.2690909090909,1.0,True,2c3bca4ab28f3e8e78b36f56c612a7ff77886e80b5991162f9f4dd7128938614,False
335383,275,23.851636363636363,1.0,True,de4a00dca12b84208f5999bb57f48a92551a5a94bdc0a69f9a308cedc6b4f448,False
335386,275,0.0,1.0,True,0941c0ff411ccf8501b42dc7cf43a3dade3c54ff08863316b3a66dddebcdcffb,True
335387,275,234.29701818181817,1.0,True,48b0537f61d68ecde7b04afb0f8d30ba702f8a4079a563145a0950704b992a05,False
335388,275,236.82545454545453,1.0,True,269898c5f347066d1b9149fb50874ce4c8ab114e288d50e0bc76a8e92efc7c6e,False
335389,275,5.015454545454546,1.0,True,bf07f02232a7e798b18c37ef81bea9532c9c74dbb1172d3505bde000badc1a83,False
335390,275,14.257272727272728,1.0,True,5e5d1dd98aff98541348b364c9fa7c2f804da559531ef971c764fdeb2a973114,False
335391,275,0.0,1.0,True,47ce31e9fb7de7b6adbd290299a0a7cc3a60a994b7f1e986e99587653e86870f,False
335392,183,82.12934426229508,0.6654545454545454,False,63e431472265115bb0deaa12a4d0810c5a493f4ca3bfab09cdc7fa53d3f8417d,False
335393,275,34.75607272727273,1.0,True,e4cb8f8a64f71df24779c319c651a3fdac9a917f500bbe0f54be46fa59df847a,False
335394,275,92.7609090909091,1.0,True,1b800ff01598862d306c8ec8c244b287165675566fead4bd569b9a2980c15952,False
335396,275,11.357272727272727,1.0,True,78195e5d0b3f378baa8881fce744973a1ecc53396cee1760b476122c7a72d125,False
335397,275,0.0,1.0,True,2bb59256d07912e22370d819fcf5d4dd36ffe688f73257479bda525da84c4474,False
335398,275,14.898581818181817,1.0,True,5ebcdcdba6f368bb0b88e7d6c9c42c3744146af9b88a710a0153b97a7b0c4d54,False
335399,275,132.06545454545454,1.0,True,f02a6cb28f2ca7ada23649fe8bf25297157e85c2857da65770f4bb9d9f5ad7dc,False
335400,275,0.0,1.0,True,8e83b0470f9628c020df8de97ef742aa327ff8f29c8994218b9d0b9b65866a11,False
335401,275,6.124545454545455,1.0,True,55460a3bc9a59aaf77102c96211c2a8fbd83984153e3590aa7b84ddca47179b0,False
335402,275,8.462727272727273,1.0,True,9b1247eab8e9ee9fa7118b163a30dd9a9cdf0900d148f7122068a940ddfe34c3,False
335403,275,85.85996363636364,1.0,True,f17ff54acae586d627ce87fcbd1d0ea37312a8444f603229019b248d128d084f,False
335404,275,0.0,1.0,True,ebe30a7dddf726a903fba7fa13ff33cc598e30d111d15646c3254aa054666942,False
335405,275,168.37752727272726,1.0,True,be62c8b3d6bd9007e761055f524df297d194fa6494ebcf3a9fa74ba97b93e3e8,False
335406,275,30.868181818181817,1.0,True,64b0cf003cae63a75b905817ab60bdf68076946cdd8ca52996e1e5d465d1afcd,False
335407,275,0.0,1.0,True,111aa050fd562adf89d3f8b39ce3e12d37fd067128d35391dc1e1443cccd3e82,True
335408,275,0.0,1.0,True,bfd83c06b9d97a381b4b352bd5f8149891344dc7502504092e6c30016f326a24,False
335409,275,11.345454545454546,1.0,True,234ce53379e2bda890d4fbf86e42ea2e4a6880880d6d485e612377d979a28b5f,False
335410,275,22.60818181818182,1.0,True,4628e54681a10d72afd8837cd8cab42988a4c9afe96f23e194c1d577b85fee96,False
335411,275,53.70130909090909,1.0,True,faa988a144ac76258f18feef2e79d9d157b5db763f27bbc05c368d1231ba57d1,False
335412,275,162.89272727272729,1.0,True,eda902fd9eb9c6bce54a67005b9a54fbea34f3a348b4d1bfbbe03c96996063c0,False
335413,275,74.5909090909091,1.0,True,cb6606a5115331c4d5c258f7fa0c2ba72953bd6bd366d985487fadc0f750809b,False
335415,184,33.69836956521739,0.6690909090909091,False,d9fed61799d7ec5d8cf23b01bec74f3845a211897d178b6dc8e906c2c31118a4,False
335416,275,13.41909090909091,1.0,True,dfaf5c62e0343902cec718a3fd087db668fe18e244933aa2ba33bf9ce7c6e9d7,False
335418,275,17.106363636363636,1.0,True,16220f67abbe4cb2c8e75d138b720374de565785cbbde8f28e4983234d035cf9,True
335419,275,13.791381818181819,1.0,True,16354a8dac822687af925f45b8425c2f9098036431f38b11e69e66a0dd045dda,True
335421,275,0.0,1.0,True,1b88480b7e7759bb9c16818f16556f42df323af8795a432806f0db9c2e803aa7,False
335422,275,102.60730909090908,1.0,True,f5b34333e1cc552403cfd775fef7038e9c3133edaa9ee8d1df37c9c0a2deab31,False
335423,275,291.8524727272727,1.0,True,5eb7ea4789112899d12ff8482db6cf934a2be5a3aa67cf3aadc196a95a581126,False
335424,275,327.17454545454547,1.0,True,b963f98c9cc62ed2b18dc2a8524cc54ead2e6ef9273e4008c9f965b70eafbef0,False
335425,275,75.80545454545455,1.0,True,bfa4ea80255910ee27f930e123c58d7230aa2dc6cc058732150fc8aa21d32ee1,False
335426,275,536.9481818181819,1.0,True,0c000969087f8e2f539ea7e9ee5edb161557b24a3c66f6a3feaed437b5bb8cfb,True
335427,275,13.201636363636363,1.0,True,ad96a4dfc198eefd68d2f586fd27bc0a8e0a584119af3a9667c3c6b6d4552a4a,False
335428,275,58.42,1.0,True,5656fb54e6dda4fafdef1bef5cd889175f755d58f49f0534d26e6a8f6eb448e8,False
335429,275,0.0,1.0,True,1629000c9cd80a0ccd9db80f3913cabc8625df321d4bcfc444640c4f85deae55,True
335431,275,0.0,1.0,True,b5c730e3c3eb45a7c42cad455388227367be00a27a0411aa5180c9d85af240b1,False
335432,275,117.43443636363637,1.0,True,9038a2ec40ba36c7f951a8d165b5494a4e0c2840c520830e79b38fed8902db16,False
335433,275,77.85600000000001,1.0,True,7f99fa77a3e78c5db4a8d6f0abb3ec5ad84289e63253e27b05124e675e34e23d,False
335434,275,22.89018181818182,1.0,True,ec70461d9578f710c2142ff003511fdd8e0852612c7694762d9d8d5b6776ae59,False
335435,275,0.0,1.0,True,fd82908c6aa5ab4ae5ea7738899e80d658ccc33d6bca85d782294c1e4b39255a,False
335436,275,85.41236363636364,1.0,True,1ff1714716c4d3d7963e9d9bee99144388f0f8c4d69e1a12965529cee24b6c0e,False
335437,275,27.03272727272727,1.0,True,3537beffaf05eec9c18ec432fbfe8c11df7206b50169a10cb080c92ef26f9c77,False
335438,275,26.565636363636365,1.0,True,365b0cabe0e37d5baf97c3e848a32fd511120524cbb67053a7eb887cce04e171,False
335439,275,0.0,1.0,True,2d21504fc91f75273bf894508ac271c3947fcdfe1e47e86ffa6d2a140f935fcc,False
335440,275,0.7072727272727273,1.0,True,215dd55d4366941ea58c2f9ec4f67aaa3d837bdb61f8f5b44e866d1df53b1d59,False
335441,275,13.598181818181818,1.0,True,debfd4f5c3a64e57b315944f597ad30ac4614b9964db7bcf7a575d4f9a3ae893,False
335442,275,5.689090909090909,1.0,True,4e6173b19e711db4b08f15351d4ae8049f5c15c70052d9dd64405093de078da4,False
335445,275,27.51,1.0,True,bef019ae6c1f43582605ffdc04910bf2308e7e97fd9e9a756914b0291fbfc6f4,False
335446,275,135.08705454545455,1.0,True,af34fe29a2369808a2453a2af6d15a57aee346fb436ebc8c3f74b0ea393d18b9,False
335447,275,48.86563636363636,1.0,True,3234eeb7ccfc51f77128b200c12155cdb7948f63f99cbb1a6b4e2251c291841a,False
335448,275,345.79872727272726,1.0,True,29459c6193339273a9839d094b31c03aa8d473ceff5bf358d1cad22098b33f19,False
335449,275,28.76570909090909,1.0,True,ba9a5782a9549c5543ddad1d32741cff278b637752482d70d778f03239542dee,False
335451,275,35.99658181818182,1.0,True,3b749a11cac7c8d6f49e0a99556920ff36a3ca3de27f96f99dfbd20ae24ad344,False
335455,275,7.983636363636363,1.0,True,95430362960d3dbabef497d04ba916dffbdc945b64a009e1f4f3ef8ce26d4d98,False
335457,275,0.12196363636363636,1.0,True,f4c08c1f3fd19038577ec2a480abcef54b7db3b9cefa672b65910024694c9de2,False
335458,275,0.5609090909090909,1.0,True,93b1df057c187c0a01fdf3bc6d9614501839234826376a5b712f14db81c5b398,False
335459,275,255.1238181818182,1.0,True,7b2219dcd447b87ee9bf72b863bbb45d347646e048f3f8defcea96557b110830,False
335461,275,158.10756363636364,1.0,True,980f9798543a8e8b97e4eca950928a433b7cba69de9c775debb5270ecdbd9e04,False
335462,275,707.8324363636364,1.0,True,78647cca7915b11311f9b3eaf9bf646f6da64274c0f6d9834ca58e49ba50ce3e,False
335464,275,0.0,1.0,True,39e39ab9fe9f7f98ac277a50b957c6645c058740950faeb8849883cb49f0aca0,False
335465,275,38.027272727272724,1.0,True,4d98da888d349695f02a8ec6e390082b4e16a8390e225b08ab0687dacf8e8040,False
335466,275,0.0,1.0,True,0fa458c90fec69d0d9c2f1bddafc457645a3cf4ba8c4a8c31a2dc55de3b56f5b,True
335467,275,0.09272727272727273,1.0,True,dcf007baec24aa9b64ac76fdd71f614d386af992e661e076a5c3b15a9009c774,False
335468,275,30.380472727272725,1.0,True,2e1063166cd5dfa0700956069d5e844be8a2332e9734897ffd6fadab5e4a47a4,False
335470,275,68.7836,1.0,True,2a83e0704e2ea838a75a65537ebfb2704e795e1c24e9e286b4f0cbb6b4dfe8a8,False
335471,275,0.0,1.0,True,8f5e15d82f0d46b233b61b4447c07c180a0f1a45b546230eaf98797ca949ddb4,False
335472,275,113.60214545454545,1.0,True,09b876e92a0f812fe9bf7ae0b678599b9f40db6275e237960173c2b68e9530ec,True
335473,275,1.2836363636363637,1.0,True,e6b220fba2107579d572bc3b9247b78826554d58d92292c34695524519fabebc,False
335475,275,201.20610909090908,1.0,True,ee8543fed255dab2854a6c63504859cc6e1b0102a6b07ac492f5b744ad4f7878,False
335476,275,35.61603636363636,1.0,True,69a6a82110c72b887c8a7e682b54f6f07a961aa12c6a9aa02a1f4ed034d1b8fe,False
335478,275,60.34334545454545,1.0,True,c2c18bbd4271830ca240d75d785b04472d75c2d35f584c396ce71c31ea69d39f,False
335480,275,185.70152727272728,1.0,True,0954b18ae6b2ea9cf92cc0504e1eeb3249e6eee07770f42268c1f1119e0145d1,True
335481,275,0.0,1.0,True,acccf02a874be05cecf45ed7f68a791ff602a9a213091750816705d06d5a9c9f,False
335482,275,0.0,1.0,True,3b44737164a03c7cf83980834bf9bbe5478fc717f7ea18e74607f0dbe629456e,False
335483,275,30.767272727272726,1.0,True,17be0f98668298505590159e61e18c8e36a827dfb437fdb301a252e12e44b5af,False
335484,275,284.2123272727273,1.0,True,d7bbc8d6b10ee512edac24decaff9a9a1637e2cec745a65cef921ec5fc9785eb,False
335485,275,35.823927272727275,1.0,True,be463197805c706a39d81f5d177fb67f1df0ed2d45b49fbfa6951e43333d1424,False
335486,275,58.16290909090909,1.0,True,c13c29307baec3ce10d756c44b1fbb17645560933599d321a1cfb5a376b4a567,False
335487,275,5.6445454545454545,1.0,True,649eebaf9ce04e8fe62213a9cd38bd043cb5975656e6f7c3f307a1b84b47692f,False
335488,275,0.0,1.0,True,b3dd9bed637206454e31df19b15e8243ffa3da713cb1eb55ec3e0410e7a711ca,False
335489,275,46.014545454545456,1.0,True,ac6a1e6902cc0d387ae75a81cc3c5a6a0237fdf3c8d502533f2e2923a65d9b94,False
335490,275,11.699927272727273,1.0,True,ac3300bdc348e2fc1922fc5bb9c5961588f56c37b1fa515e2ff82b0c4aacfed3,False
335491,275,275.4236363636364,1.0,True,39d4255cdbffc5985820e0a76bd8dc29f42bc3c6af1e24342bc0e4519beb1074,False
335493,275,238.36363636363637,1.0,True,a04eae9a5f3bf1f58708db829f1f02abc0827a67424c30998ea6d1449b527d97,False
335494,275,3.598181818181818,1.0,True,3152d3cf315a7182863de6d2e50106025842471958944726c3c0652920d108f2,False
335495,275,352.0996,1.0,True,73a7b7ad28227bf67eaede804fc7a2781a23e7438abf1c0af77544db4677bd39,False
335497,275,0.0,1.0,True,8eff69aac2edb9201d7681fde085e58eb18c7e5190ea1bfb2f2dedfa53177c2a,False
335498,275,41.13901818181818,1.0,True,7e4f79c90deaf0432f76b34aa83df7159e4d1a69673fc93725579cf2b3ad0c33,False
335500,275,0.0,1.0,True,f1bcdd0a026a224d80ebe208a57c47e14dbf0b953fc15b0c7f4a9e3e772c7fc4,False
335502,275,0.0,1.0,True,b5b062b7cc029056274af6eb400db412e3249d63c344403c55f74aaaa0fbeedf,False
335503,275,26.526363636363637,1.0,True,0f188556c84b274c9dbbcc7ad140c989dfe024114d063866752d471a17d2a5aa,True
335504,275,0.0,1.0,True,c4b74967b1cdad1e5df2152f2947c180216b1b38ca8178f83fbbe491a76e9c17,False
335505,275,86.08225454545455,1.0,True,8c852645a5813ea27b385eb3a40da441af3746cb6e11848a8c2ac4947960d7c9,False
335506,275,42.344545454545454,1.0,True,a881b97ad19b606de59dc214bbaf0db1b21c6bdb07b25a4fe66aa069a94e7f88,False
335508,275,8.423636363636364,1.0,True,addf1a8db108e264d15266294d93fd589e084a0c5909a4c589ffe90b75644f55,False
335510,275,0.0,1.0,True,2b9ba5a7c15ee45bbe85b7435ae7be251cdd2194d228c525596fc2746e3409dd,False
335511,275,0.0,1.0,True,7c02a9e7897e2daa6a468a34f68b7575e64e5ac5e4a39742ca29729866dcb34c,False
335513,275,82.52116363636364,1.0,True,1ffe82f5bd68ec7f4e84b35cfc612ed120de1d754eed8d4a09c4cd58c9235357,False
335514,275,2.979090909090909,1.0,True,7e5f31ca26e16fbf6c0e5e97c62f8b4a2df7aa0742961afce23e608f99b5a175,False
335515,275,148.86367272727273,1.0,True,31f588566f62287ef19e0a8ac9d3f628dd729408cb600468863da4998f77f0a7,False
335516,275,65.82727272727273,1.0,True,d0f2b328d049d49e2d5f03db2f73cea7cc28303b4ab6109c9d07ede53ac328b6,False
335517,275,6.384545454545455,1.0,True,7a9b095c615830aafcad6c6bca291c2629f7341ee2c7892fab88bf8e27560ba7,False
335520,275,4.5,1.0,True,9cdd06ef00454a9194a549ca2effdfe6e2fed741c029e794f97590021e62331a,False
335522,275,142.38945454545453,1.0,True,92cf54b807a8020c4193088ebdf1b15f63b1614e58ff0b649beb7fe08309062c,False
335523,275,188.42818181818183,1.0,True,6eb888fddf68b05da232c895799d5c84fc8933f019c6537e92da278e8dd074ba,False
335524,275,64.42818181818181,1.0,True,047433068b62b4a5fb4e606eb5d999d042be7223ddab727ddab8f4c0584fa8ff,True
335525,275,77.28854545454544,1.0,True,ff2383e6981337509bb5830de9611cb3471c6c1f84895659e19c2c93bd9dbb25,False
335526,275,0.0,1.0,True,a41f1d7f03b1db0489676301bc25bd78b1c929c27eaa7b36af3a539bcfadd77d,False
335527,275,11.929745454545454,1.0,True,66f988fd43f81cd68c7514f5bab236c758953b2c4a735defc953304c32247cd9,False
335528,275,2.4432363636363634,1.0,True,7aedb100f7b1fcdb85135daae231e82363e2a5f9d15690a4324d3d9f508dbe63,False
335531,275,262.1485090909091,1.0,True,fc789ae22f7cf6111e07e3312be0cfc1459ddcb32757cf5b0571b78aa6baf496,False
335532,275,78.69083636363636,1.0,True,f0ec26f6cc1a1406404e3ae6ce257b6c21a4de7b77c30696e550ee788a1b9541,False
335533,275,2.509418181818182,1.0,True,32362203b22a8821d38207282b14303f6ec3f9d91e8800c6e67391091a97fd5b,False
335534,275,0.0,1.0,True,cb838cec109ea36b932910427567675cd68dd6aab80d77a0f2f04d048320a611,False
335537,275,274.97574545454546,1.0,True,26079d7aef254acf6c77bd2346f07c68073101c4e42f9e5f03a044a4ba79d41e,False
335538,275,24.317272727272726,1.0,True,99a28e491745852dc9f67bcdb017fdcc4f9daf25ed81a4a3c1a853366f4e301f,False
335539,275,87.70105454545455,1.0,True,c9dfe14c229c838e5e7c218d9c4065fa2125917a99f4ae9f680a65c0d9ff007b,False
335540,275,6.27,1.0,True,b40ef8f118efde3066bd515673a260e784b4c01ffe2483f030da42bf78e5f2f4,False
335541,275,60.63272727272727,1.0,True,aea845af17a7bf57b814264de5df535fcbbab733fe72395df8232d2e4fae5942,False
335543,275,22.2952,1.0,True,df4cc8c220aad3ceac98c7c6bd8c91e41d353c026514f1b01d7a19cd95fccfd2,False
335545,275,119.91654545454547,1.0,True,85c369eb345de0c4b626fee27a0f09d342cc5fc8fdfc993c6836c71c24a880c8,False
335546,275,0.0,1.0,True,ee166a94d3a6f9e84ab9d618b962a55b2758373aae0825cdf354d29e7ffbeb5e,False
335548,275,0.036727272727272726,1.0,True,9e1a5ed7bd505181115bd4580401601a31168420bda0cf1ea2ff5e1d825db34f,False
335549,275,22.13909090909091,1.0,True,8e53eacb781d6698a7a02ecbc4fa9e46105a9faae140ad6794e43377ef16dc8a,False
335554,275,0.0,1.0,True,4d7c65d42a16d5e10a6f87e58dbe8b102b22c4706116a2e706e44cea8e493179,False
335555,275,29.405454545454546,1.0,True,637fa7848121f36959c762d53e8d63fc0e8901e81888811506d9a106f120673c,False
335556,275,0.014545454545454545,1.0,True,9edfeb91909d111f14beffbe09b69a28a2670b0263fa8e70ae92bcf009bafc30,False
335557,275,206.70498181818184,1.0,True,57e6dae1445325ee315d731a3f1a2a724b7c87b40e1e3b10db75b94ffbcd4be5,False
335558,275,7.870945454545455,1.0,True,8689cdcc1d0509bf5f99e2e3c457358cb60f1e9b23d3a5706553743c6ae5dfd0,False
335559,275,163.90636363636364,1.0,True,8d52596e28c7b066cd57be7d364c30dc8bdbe04e44b9cbf56f38be83f332070c,False
335560,275,70.0856,1.0,True,2535c8178ad8e25062687421cad9a8717830d3cb6eac96b147a924a513d7bd0f,False
335561,275,53.47189090909091,1.0,True,cb04ed8f35d8493463b76e3c86651450f61c73558d80debb4080930f58b37aa8,False
335562,275,98.6952,1.0,True,ccfe38abce9e5406e56a545e565214745e329533fce5f9c03c88fc23a74106e2,False
335563,275,0.0,1.0,True,763926519468a42e185e97e01220e673745f8a38ce60e58e994f41885898cfad,False
335564,275,12.265454545454546,1.0,True,e509ccd7a6781722026747a680a83a39fc1b2562f4c1d5e78c8675b0273385d5,False
335565,275,0.0,1.0,True,3aeddbd4d6948b7f9815c4699203bde68e4daab6c7fa5cade9d991570566a0ed,False
335566,275,6.993018181818181,1.0,True,f46e5abc32cc9fe845eec2790ddbb946ae189a774b50edc541260db0347a85da,False
335568,275,19.645454545454545,1.0,True,6daa5c5ad1488f4d7fd561d4df3ff2526f8c8105a10afb6db5ebe4da2d361c42,False
335569,275,0.0,1.0,True,8f607f8f2f3cefbc389e3c6c1d3a961c867a185a1771432b465f4c5a31a94889,False
335570,275,71.43636363636364,1.0,True,b3d1a78ab9102f900977078f49934882c938f9a88bee89a4c3a41b50b6c4eb65,False
335571,275,141.89254545454546,1.0,True,b8c2d0852cb61546cbd5c6b8a95b990c6f17f25182f8f758cecc745eabeae856,False
335572,275,0.0,1.0,True,493cf38eecf2df3dbd3ed934620cbf7d301a77a64e0d64d3e4015bffa3a6fcd6,False
335573,275,0.0,1.0,True,85c9c733543f7e020ce3932b8ff74f3f70d3b84a31dd62a3958f719ea1a5e587,False
335574,275,211.97036363636363,1.0,True,55d8c85e092c18ffd53cf9790dbca9bf52caf59cab815fb02ec34585ec2db91f,False
335576,275,169.69778181818182,1.0,True,ceb94497baa15262781410d965b71285698ee6520716a503b966174a6f3bf124,False
335577,275,0.0,1.0,True,8e25121a3b8c744dee6765f114e004eeb87eb6d6ebbe39daf1dbfe6464bfbb4c,False
335578,275,49.17272727272727,1.0,True,957fb4ca818ccfccecefb3fb20ac19c43693e14d0df256c42abe38439fd913fd,False
335579,275,0.5136363636363637,1.0,True,fb8c4e173c3dbf82abb321a0d44d097d90aa476ce04c5380c0506829ce80e7be,False
335581,275,367.9395272727273,1.0,True,ae9475d571e3c21fe0c3e34f560b2b954cbf8c2af808e21361a451977a5a98ee,False
335582,275,185.3181818181818,1.0,True,89d2e62f104f0fd1d78a165118e7ffc366adfd1414ace40977c77fd6bb7f2389,False
335583,275,68.10432727272728,1.0,True,a2d6f5e39d2ff142c135e16c3de89a367d4ba3729754fa5a696209764101bf3d,False
335585,275,0.0,1.0,True,c2a5ae06f8f03a2a5de3a51290939f8d5aa94f4efba355e2638a6992b6360d71,False
335586,275,0.0,1.0,True,f5f9733da2657028a838635f67eb0ec71aef3a114814e3fd165901a7ebe92c9a,False
335587,275,0.0,1.0,True,d8230414c8b7c668f8385d7d5bffb82d079b2e90a154e7744cde1f4328522e4f,False
335588,275,10.667672727272727,1.0,True,666e7f47d23c3e4b76d3d4246fe93fb558eaa2e7aa37077b70626511280f0edf,False
335589,275,2.638181818181818,1.0,True,c4e61a37eac316b1179c5ecab7be3eb51ffb076e43307fdfa3d8107f93655e4e,False
335590,275,10.47090909090909,1.0,True,00c30b47fe5400bdf90bc5181ced82f599ab336eda243ff73cd88e252dda8a96,True
335592,275,21.96727272727273,1.0,True,3c3ec2df95ef355cb7660ff86206fc1f5dd885fce9ea78ac665fbdb9ee0b481d,False
335595,275,0.0,1.0,True,ee66dcbec0f9c3c2881e6cb3ab4f206266a026e6bb69f78c9681d3db98a5bc5f,False
335596,275,2.07,1.0,True,ab875844e4edfb45281b64dd1673f45213054a7db952fc44f9268263c06a4c80,False
335598,275,0.0,1.0,True,a878083d456bf6101303fd1e5b6423f54e107cd66b0a0f57e419fccf78845b79,False
335600,275,0.0,1.0,True,6d32957d89dd7dd474b34a97e525631beb4c355d25f998d710af86be4e580655,False
335601,275,7.084,1.0,True,bfcf8268e082db187bdbb781fefb51246091815347adddca6b9bfb63a0418990,False
335603,275,54.8016,1.0,True,7c1ec9f3f87675c6f802ede5d055a2a3d5e634d298e395a8529f2006b3ca2ea3,False
335604,275,103.65272727272728,1.0,True,2553a44def5857f13fb2552dcd65d2c64d2484c00fe3ed7cb29e0d1f06f365d7,False
335606,275,56.99952727272728,1.0,True,173baee1ab2cc19d7e0faa600612abd746c1d23f646af77a2fd14f9f02ad6f7c,False
335607,275,0.0,1.0,True,6e3139e5edacd87b0932e339577ff89aa459598bfebb142766a84a1f6b5750e2,False
335609,275,143.36207272727273,1.0,True,38749e1af749ebad7cbec5e785b2f1d0d4e7e094c5439d4dd5cbfd76e2759c34,False
335610,275,0.5436363636363636,1.0,True,99881950160a201c795aaab16ea13679d191ae81c495afda0bc3175cb82760a9,False
335611,275,76.42181818181818,1.0,True,e4683cc7817b8fe278004af0d074248055cfc429c34e03801491595fda77d009,False
335612,275,17.44727272727273,1.0,True,3f0298b77b25077ad62161a8ae27305c642d69ca820695f50a9118210b70d08c,False
335613,275,0.0,1.0,True,90f69af3ce0eeeaddec90a3da0a88e71801a35c311d09b5b45b77a6fe37cbf2c,False
335614,275,17.734545454545454,1.0,True,270bb1e49b44e37561c8ad90cdb807f8e80d7c01fefa446d4775d7e759593c76,False
335615,275,0.0,1.0,True,8d6fe94571c22c513fc2e993969893bf383f4e0caf8f07c318cf8ff1bb5e1cdb,False
335617,275,0.0,1.0,True,0167176172fc2f1c45435aaf35fd43724cf3ef43daa2bfbfdfd3863a0d20dc1d,True
335618,275,0.0,1.0,True,352e6aa865f9b7624a07085fb23fbd954eefef9149b1f355b2e30ce931cf955a,False
335619,275,5.610909090909091,1.0,True,070ee97d440195dae210c7c680432c6952ef302dd4075243f9df21a9332b09e9,True
335620,275,8.9916,1.0,True,21d0c404c1d55c86be97d83abddc883232e874dd6c1950c7bb4597ce9842e79a,False
335621,275,18.456363636363637,1.0,True,25fb2dd1b939eacdddaa08d1f6604d6e72c2c72e037cf2655c2a08679411ff90,False
335625,275,351.24705454545455,1.0,True,1addd436453ed18241de5acb33b54ffff34aaf1fb4eee319d8363ec8bceba4c5,False
335626,275,319.5853818181818,1.0,True,85f87584eab2d963ed3cc264f34e81b07ffc2e2bcfe4d1495961a3fbfca3bf69,False
335627,275,38.372727272727275,1.0,True,dc9f4c5686809126d19268caa7c3fda77b8460847586c7fee8686fffcfc096d0,False
335628,275,330.6734181818182,1.0,True,6001343e9d60fd19ce0ec2a69f74d289d5aa3aff118a5d9ca6063d364296c4cd,False
335631,275,155.70363636363638,1.0,True,f4e9c913c527ed6d30f181ede0e7cc66f8fc49e5f5f4d8d853c74537398f5900,False
335632,275,101.91909090909091,1.0,True,35105f09bbc492fa45e2f9d57bd45153de7a4f2bfb107a7aec7929cd4549e4db,False
335634,275,0.0,1.0,True,6ea11c07e2e91ae549e27ee8ea890428a2f9696746f96ac935a478520f963ff7,False
335635,275,73.2882909090909,1.0,True,9ec35dfe71c1d3af04d01585e4c55809eb405d9c5f7a32b2109e08ea49d32cbd,False
335636,275,41.01145454545454,1.0,True,aa78ad3cef2182b0e7da3e39d82637d75a2cc3dcad3c074e26603484eb03c05b,False
335637,275,196.33192727272726,1.0,True,617342cfe323d5f13ed1363cbf446f0a7c0e2e9eb81a73cc7bea6d2277364bc7,False
335638,275,10.538181818181819,1.0,True,703344213e67c59ef0c1cab09857b484da59ab8eb5412b71ea93e59b2684bf54,False
335640,275,0.0,1.0,True,58e167781c64cf5f1a316cdd34d07c0b1f0de9ec95954e539ae78937a60c2231,False
335641,275,0.0,1.0,True,9766176ad88e22d44a39cdf357ee705cf2f9909d8585f562c572b585a2b129ba,False
335642,275,0.0,1.0,True,df571b665f0c5c1704caebf70c18ad810cbc9c0139f213f3bb0201a1f60cd5f7,False
335644,275,175.32410909090908,1.0,True,45e3b65c18d79a2339cf2efb4a813b2502a74ec91c91940dcfa49ae1c8ff7413,False
335645,275,6.691636363636364,1.0,True,99577c3fa17012f253a3064f5e2afd2ed28d7d6329fb02f21dafc2dcde0a45b7,False
335647,275,35.31727272727273,1.0,True,f2cc9313a049ae234534f967d71add2c30bbdc11a76516778dd69b7e867b3581,False
335648,275,533.4015272727273,1.0,True,d99abc735454d5615cd0131bd492b0ecc464d8e70eda1ab41a52487aa2fd440d,False
335649,275,8.427963636363637,1.0,True,c1aaebfbde3f490cc05b2ff9f10cd1906154ca574357257c30a1b7099b140873,False
335650,275,101.82941818181818,1.0,True,e48cb75c3db8af6e11d0d5fadd27b99e2e432bc9725176c326160af6074e15ef,False
335652,275,26.27276363636364,1.0,True,93a02478a8c003db46df49d5015599d4212bb0a43f2171c88753a61c3e849710,False
335653,275,424.41818181818184,1.0,True,885b02cee641c8933004eaec5bd9eec1d6e7fcfad7e7e4c2d718341243586a29,False
335655,275,54.167272727272724,1.0,True,2505c6ff7a0caded15775fc8420fcf2aaf780e94591b481e194be26cfee0f910,False
335656,275,153.35247272727273,1.0,True,1d385476fbef2b817f47bda466f938f6ea840f45640c4fc00aa07414f44bc657,False
335657,275,17.591672727272726,1.0,True,4ecabc467a16a81af36480e682379449e7f8c5a86ed2cdf9705194518bf2028d,False
335658,275,22.848181818181818,1.0,True,6632f3ca8b734ee1924b433107ca4bc1657e70e8379589ab38e10901ba12ffbe,False
335659,275,321.52007272727275,1.0,True,d85d98724d90fd13ab4e7f32dd138e255d8e899f776f3737c98cefd91e1d32da,False
335661,275,12.280909090909091,1.0,True,4cd9e85e4c2d9303936b5338d8de69a0d193a70009f011a8283ec0c00871185f,False
335662,275,0.0,1.0,True,0a8309ad5d07a6ac0c934dee0a1da3f69c9695ba83273bfcefc3b871d18b05b6,True
335663,275,24.036909090909088,1.0,True,f732cb96d135815eea15fc629eff4786bb1ae46b12505fc2cbdea19c26bb382f,False
335665,275,152.21163636363636,1.0,True,fb0907bf643192b119ef17932c56509573c075e95b42c8b28c6ff3519dff41eb,False
335666,275,43.86465454545455,1.0,True,510b6d65ae507e8631badb245e6930945d69af927fb4b61b6d2724230d777c89,False
335667,275,153.29672727272728,1.0,True,faeffb3092244e2cea66c5f7cd1d59d5e9ba26dcad1b2e878603b4181a16c862,False
335668,275,0.0,1.0,True,0e135644d4466c0e1e0eb04841b150c9d026ab7b77de5890a0f07fd23b488218,True
335669,275,13.85,1.0,True,aeff052e6ed49a74e58e819070855bd51766964320fe448b4947239ad06978c8,False
335672,275,0.0862909090909091,1.0,True,f6ae83dca07c94965187ca3c100c6d854b0b173c9feeb65b436ea38396bc9512,False
335673,275,143.35272727272726,1.0,True,e45bba4470e9aa6994bf81ec2781be5e45ebc8bfd44fb68535856a5e6e92bb9b,False
335674,275,41.46454545454545,1.0,True,c10ef345613f9fad34cc85fd4ddeb3170948ca416654dbb2524eaad50ace5f23,False
335675,275,18.525018181818183,1.0,True,3eb037fb44878e7535f198966be182bf8138456c4aa2a97cc0d0d8d52d773712,False
335676,275,65.92,1.0,True,ed921268bba69abf9fba86014ee8efcd5377cf6b81fea4e5798d502ae329353c,False
335677,275,148.22461818181816,1.0,True,1fe2b89910050ecc79b3e83cd5e0319e43efb136af8e9d11f43a4a5090d5b56a,False
335678,275,0.0,1.0,True,60f2649c3fb263067d2214816414be8a805a6e881e941c1ff172d07e754269ea,False
335679,275,0.0,1.0,True,96d2e3e3da82883dee9143d7f8f84133f3aacd9f5d9b42a2f6c94584213edd96,False
335680,275,20.170545454545454,1.0,True,ee01cc3eb3da64f6226039d1ce6ba338d8bef500c34706c7087bc8daa084d1e8,False
335681,275,36.336363636363636,1.0,True,49e9423b41e13d0e818e217b60198e78cb2d5461b833704be7b8b38c3d297ff6,False
335682,275,110.18916363636363,1.0,True,f2e5d7fa8e3d3cd76b49d462afdf7bbdb6c4c4c89b2d927952574c81193eaaca,False
335683,275,1.4592,1.0,True,4fbff3b63d362ce88cb00794464e6c18a1508beb9b1c916dd204bcfc34428a9d,False
335684,275,0.7090909090909091,1.0,True,4fb8f2fb1f750701b39f1594e7b183a0c305b82c256e09f29297daed93cd01c4,False
335685,275,0.0,1.0,True,9c92dea447bca2f5f29053117acac631573931fda142c9bc98f898b0cbbfcd5c,False
335687,275,6.569781818181818,1.0,True,e7fff8db1965e2c047ac7523f143bb0ed1a7e686dbd2d2a19533d360ca34f325,False
335690,275,0.0,1.0,True,d462a8b01c9af5e615911fbe9c55dafc5d046dff19c185012750b8a1d6812775,False
335691,275,0.0,1.0,True,07b743e80e0e3c466dce842de5e31ddfe4c8a4248fc40ecb0a1e6299608dccb1,True
335692,275,0.007272727272727273,1.0,True,6fea92ab201e976cd7959225652ff2f0ed3cc8872d5217c32ea8db610349c28a,False
335693,184,26.852989130434782,0.6690909090909091,False,5374d6c18a6d7404ce25c1a1d8033c0e2ff049e20f98ab175c5fe572459c4f00,False
335694,275,0.0,1.0,True,ab7227b2eeacc66d87f61dac9fe63275d8d3cfc05dbce4a40efc5c794c6f0efb,False
335695,275,15.74901818181818,1.0,True,0b618c91827550c9f30f1cc95dc83eaa4240c9ee4fdf686513e5839d7cab993a,True
335696,275,0.025454545454545455,1.0,True,39de136ee058c841f4fcbdbc46819e77288b8fad79411c6c136aa912c1f26559,False
335697,275,2.7532363636363635,1.0,True,7acb58798770569af86aadca7edb3c2bc79de0646ca848bbe5dd64937e7c4b51,False
335700,275,0.0,1.0,True,eb72b1a834b6908fc5795fdfede360ead996475051abcbb9972cc8e83a02583d,False
335701,275,35.58,1.0,True,a433d9b27c1c7348332dc75e77d228566317c08ae6649b8be823e6dc19f7459e,False
335702,275,0.0,1.0,True,742fb23e54495dcf005588393a8af4864fcabd2d3fada14b5c39b22530a5335f,False
335703,275,273.7509090909091,1.0,True,6c48b750d7f858ebb13ed9ab4913148fd3525868d255563f1512222cf6d1170e,False
335704,275,52.871745454545454,1.0,True,6d50ec42e44fdab166448d2347b42f84af0086ecfda0dc1bc253a20ab20e0592,False
335705,91,13.195054945054945,0.33090909090909093,False,4cc525a1c35af626818d491a66aa387f481b8073dea083623b42c191af1dbfaa,False
335706,275,46.91,1.0,True,c48921c1eca9b28d91ed862b1f3c9f05038dca349651a0eb13495f4808a7467e,False
335710,275,74.548,1.0,True,52320eb901ef5ac5e94b0228444564fea2e51e4326ef6f1678a7019a496edc6e,False
335711,275,16.144545454545455,1.0,True,2cec29d357b1985f2c55ea8662bf769a213130e543fd681d5e0425f55ac1a8f3,False
335713,275,18.82890909090909,1.0,True,2aa0d696df209b4226943aeab5626ee95c6274dbfbdea29c2ac1467788b9d812,False
335716,275,54.31181818181818,1.0,True,92a702e276e526b25146f3f302435469e07d87f367d802c26542a5b39d784031,False
335718,275,0.0,1.0,True,eec1c064eccd2ffc5fa1c20bb77680e72069cca4f8eeeb451172342e3ac14110,False
335719,275,76.56090909090909,1.0,True,99c3d0294074ce5dcdbea756df21c51970640c27eea6d2ee9973feabe81fda0a,False
335720,275,58.05396363636364,1.0,True,7a0872f0982d03fd03a8a17334881d89dd63ee918c0e629bb3b5c4077bdcbb9a,False
335721,275,3.526618181818182,1.0,True,ecc5ed1b11a104a438ab76f8d71bca9c0011956c4b8e4c646511576213d82e98,False
335723,275,194.74498181818183,1.0,True,15a74861681eb802a85f0a186dde25e20219ab22c0303ea58a550da7669dd81c,True
335724,275,122.07403636363637,1.0,True,63365119fa7e1104422a3130b20fe0544da08baafe277816b2550d6189670cb1,False
335725,275,37.35909090909091,1.0,True,bbb54843731e000b0c40be462aba9204df7efa79c5987a6dcf4d5da368730074,False
335726,275,38.20738181818182,1.0,True,8cd2d93c0bb4b681bb19fa23fd0974bba9c41caebbb0aeb9f4057c4462a6eb64,False
335727,275,0.12090909090909091,1.0,True,4c194de57e492a6b045cdda6ba2a44611a3fbce441bbec32069f0e984c19f85d,False
335730,275,0.8008,1.0,True,2dca7ff1e47fea9c9085f097d50cc1f630c7bafb40f98d45c2158cf184a09659,False
335732,275,0.6245454545454545,1.0,True,3862b3ea4370dd7dac768dab9c9298e9ecdae60b759c10598c076ad192bb5a0f,False
335734,275,193.10363636363635,1.0,True,9b36bf9fbe2b058a8f9df7d3946ba8c32cf6b45ca9e5eceb4d02f307621412ab,False
335735,275,78.95181818181818,1.0,True,2e279108ffaec14c7e31645282cbcd909f1d5b35f7f291aa6ad8c08785022e48,False
335737,275,22.792872727272727,1.0,True,c5f37a6476162532f1fb3547f85614d4e61ff6a327a26d12227e19ad406152e7,False
335738,275,123.23236363636364,1.0,True,c31ee31c2b6c31db6295c02b116826246959165f5023c56885f0cc0a2dc7b1b8,False
335739,275,44.97090909090909,1.0,True,41b573d110b46497b592ffe35c2922bd053106727ac6e81cf880b6f5a1af0773,False
335742,275,6.975090909090909,1.0,True,9d3a38261828e218469c80d7c88c4abfe55d607e11e1311f10d00ef9b58e7dfb,False
335744,184,186.8665760869565,0.6690909090909091,False,2908d1f0e95f854cb700b545a84dd915093c16812cdb158c2bda60e2e5d5588b,False
335746,275,126.25909090909092,1.0,True,1755a4ffc49e83f37f3014b445d37bc2b649410ee03516290a52a6bdc020d74e,False
335747,275,6.32,1.0,True,b1275e84c43282d6f7ed20c384d5772b8d823ae4abfdef652ba50152f862f6e2,False
335748,275,110.82887272727272,1.0,True,dda55280a4fc9994587bcec5a7343e278f95192d64e02072e6218adb193478a4,False
335750,275,0.0,1.0,True,15cc46b6c96546e696e4c62436ddcadd04ceb9a3c31e3eef6eb7361b4357919d,True
335751,275,124.1821090909091,1.0,True,113de48bd4a273e847276dfdd3835c8755091ff493871d6b41aa783c332c0c2a,True
335752,275,0.0,1.0,True,eefa858ac271f6f544b8dcf2dec422ce56ea0654e8c839815d4a150388e32307,False
335753,275,115.88883636363636,1.0,True,c13c01f7479b179a3978068008578beb8b504f34279b82e9845fd4a1f2bc56e3,False
335755,275,0.0,1.0,True,bafcf07156128cbb867f5f77d21989d427616816436e06ec3b867de768111c12,False
335756,275,0.0,1.0,True,b96ea73161793654dcea51c5a5f90ca46086516b69a29bbc4a533aae8ac37231,False
335757,275,0.0,1.0,True,423c789228b19103722f7c347979d154b8688c60578e013700cced5d70116096,False
335758,275,80.72909090909091,1.0,True,77f86407573d5825947addf7f2e2418a7ee188c0a386dcbd46d5ee2e89cf92c0,False
335759,275,5.863854545454545,1.0,True,bdb45872733a28e3e5f36df82e773e9b7ddc1073bf2febb6e3dbeabad0e634fd,False
335760,275,27.945454545454545,1.0,True,fe8c63a1717803055c539aaf95483051ae04b3e677612c087fa48bcfc7d3e429,False
335761,275,15.16,1.0,True,eefc6157d471b176c8f2c7b5bc16eb66583a9487a0afcb8d5d21c47e799330b7,False
335762,275,28.286363636363635,1.0,True,002e865abfc69820a48ec26197d91936fc29c3b4686f0f5b12e72958a252c8d8,True
335763,275,73.7136,1.0,True,101717262a5712173cd9b04df2aa42be107ecc2979c3c4a8ba1bdbb5c11d9f41,True
335764,275,9.203854545454545,1.0,True,ecec2f566d94de6c590e1fc865b21baab18e4b2d5d9bf6994d216b8a2405c125,False
335765,275,16.85090909090909,1.0,True,ed3e9b4b3f7a6d56659d62d2239bcc75da08325c7fa7ac6e51fa6bb99e6f6c28,False
335766,275,0.0,1.0,True,6ac5bba94c7a3e24c1bacea3ed10c8943be8ada972b3821bb12d1d7f6b8f3349,False
335767,275,45.01792727272727,1.0,True,98dd799d7518b2df5445d1980adf35d63e49ba2edc44189ba624dbb22688a6a9,False
335768,275,7.494727272727274,1.0,True,745e18fb35824f843802d473ca813a8e29e538c20d2d283d12e051def037cd40,False
335769,275,1.1385454545454545,1.0,True,579257bb9f0a2cb02122b07e34d1c92a6d73b019dea08389e7b0be263c7dd5ef,False
335770,275,15.372727272727273,1.0,True,76cb2f8c454fc4b808ca03a08e731d12c0c01fdd09d7016be13eb56584cfc938,False
335771,275,18.663636363636364,1.0,True,35f7c6df55bc7c7cfb886a924e4b3a23bf249e1a09df7e8d5aa54b13a8bd39e1,False
335772,275,449.54927272727275,1.0,True,079c556513c7ec4ecc55c94cbcde1a529103ed66510986a4e0d0c88714c402b5,True
335774,275,28.46781818181818,1.0,True,214d2f2b48c68a13808e24f1eb97f0933cc8d4edb9d8cf57676d36fec080c0d2,False
335775,275,147.29956363636362,1.0,True,b325183ce9d0bd49c1050012128c10dfcd9c3ee9150488ea0fb469f206818b1e,False
335777,275,36.32414545454545,1.0,True,b9e8b07c1e0d96fa271d559ef6271b8b22c747db237d415a91de9e289968256c,False
335778,275,74.08345454545454,1.0,True,7457953f9f3f1545f5d0805753f4fa4bbf898827cdb0af23e0cdec9a735d59e1,False
335780,275,26.088254545454543,1.0,True,73a3e43d002fc075115f2b51d404e889c6a87942257a72f9b7be3b0c0f06238b,False
335782,275,28.5612,1.0,True,1376fa910614ef32dcc701841a6fda90dc2a9bf225daaee44a8da086cc55c518,True
335784,275,3.7671636363636365,1.0,True,1b67d510a4b982ac8095c2ac87abfc6a88a210f4b908db73238024ac766fba00,False
335785,275,0.0,1.0,True,c7faf15c7472e6d4a9b7da8dd7642cf70044a89305089fb3226a2ddc33930c87,False
335786,275,61.59541818181819,1.0,True,f6d1b09264506871bf2a1a1ceb84bd2b11d444af39c37307fdd0b0c735f4f4c5,False
335787,275,159.3965818181818,1.0,True,54624615a530672dcbbd66cd890cbb9d089d28189281690bc0a252fc9dd8a3e6,False
335788,275,162.55207272727273,1.0,True,9b24d2a0ebc2f720ac7c86cdcdf820f3fac0d7dcb49e7630219dd38bea98bbd0,False
335789,275,13.260218181818182,1.0,True,8a810768cd3137966c2f9dd731442714df5929ab241d409e28d2dbf6fa940b18,False
335790,275,0.0,1.0,True,ea98b7b73461d3547988380d0b85386a91208c6c75df5acbdc5903657bb45b75,False
335791,275,691.2918181818181,1.0,True,459c397d5812821421318ec1f4b3a68140211e9dd2b7b8b4c9b2e024f182c748,False
335792,275,43.124545454545455,1.0,True,715439abc2ba6759edb0e7cdadb0d0739e35322e9a0ee2d372b02c9e29edc34f,False
335793,275,0.0,1.0,True,46c8e75657f458fdb9b151c23828d19b3216fc93150f3ec892a69332fe807762,False
335794,275,84.72636363636363,1.0,True,838e69d17b9466773f06f40fdcb31b5acdb749372bbf81df5b50ca45ad42db04,False
335795,275,72.51410909090909,1.0,True,4f419489c344b2c16ddacce8da58ea178c196e25c9ae4e939e771367b91975f2,False
335796,275,130.7674181818182,1.0,True,d6ee33b743ff16c0d40457d7a518053511eed0a1946188807b1a16cfb26b72c6,False
335797,275,17.562727272727273,1.0,True,4b9c1f2b5c29f85ba977c6f52f0699831abb7a2c22580da02e9364a9bc6886a0,False
335798,275,241.04003636363635,1.0,True,a0cf8aadc4af1444e7e1328f772644e7c1839fae1262fc3777293f221c1eea4d,False
335799,275,154.87996363636364,1.0,True,38fb912e4a9aa1a8f08ec5903924ef5eee81732aab6d5ee35f51264252a11c5b,False
335800,275,0.4218181818181818,1.0,True,fb666b94c347197ed26dfd76a13dcbf2ef074ae7b225557a888f6722146a79a0,False
335801,275,154.18752727272727,1.0,True,195b0b272afffcdf060c56212c2eb14e57e24696a11563bf92950a73c0d61f67,False
335802,275,41.17447272727273,1.0,True,fc792bcc5653d8a4c139fb331fa1dd2bbba65299c0151eb4ba7d12abe2108ca7,False
335803,275,17.864618181818184,1.0,True,6b2ed4dbcb030f6827f89aea5804678fe61abce2005800e30e3fdf4570ce58b0,False
335804,275,77.29272727272728,1.0,True,2616827076f17e6f3c9e8c91f6bb0e1e083272126be4f592c35c0a7a899d69bd,False
335805,275,93.94389090909091,1.0,True,df2c6e0238e6b7078e78457ea1bae53f36c4cfc65300363a8b4d3249f33adf4b,False
335806,275,151.16076363636364,1.0,True,fad53d2951c2c4833db5d9c7812eae243da4a7cb89fac2469b006b75d9e155c4,False
335808,275,100.05636363636364,1.0,True,9c9443be25663f69ffbb97e3db06986a603b4888d48f05d1b24753f6e447cf72,False
335809,275,33.94490909090909,1.0,True,0f786fe16b5af40847f9866266c4ad931b381f009c4dd3100a7698c3bd96c110,True
335810,275,36.179309090909086,1.0,True,17de09c9527070e0912d87bcef1f018bd3003510183944b89ae6a0a6755d3916,False
335811,275,427.0847636363636,1.0,True,ab9d1fac49e036b62c1e5ac7960f746e62c18fea08ce3a83d89e5ac53f90cb28,False
335812,275,48.95545454545454,1.0,True,b7264fe8afd567ec68e1478f1768bd4f516af64b2d42ec506e52f9e2d0843d70,False
335814,275,2.320909090909091,1.0,True,f9e63ba3c8d77e718142928a7bcdc249c00f241691c4280699954951a27e2b47,False
335815,275,11.957054545454545,1.0,True,817367f6b2225a991cf8781c61c312596f25b7de0c0259ac10d4e897f5e81df6,False
335816,275,0.0,1.0,True,7625b9ff93d170b5556e1059074a947e5b8afa32221444aacd3f7d3e15f40058,False
335817,275,225.42807272727273,1.0,True,de65d17e82253209d5982d322d5b823d7be3f14ff392280afae64c81b3aeb79c,False
335818,275,32.28636363636364,1.0,True,f4ee7730ade2bfc1d662cdf3d683243ec5f42ca15aceaad6bfb8938314972fae,False
335819,275,184.15767272727274,1.0,True,446854e341e9de797bb6624b9eed84d019410d7604e825c9323bb8f9f79d6d15,False
335820,275,108.29101818181817,1.0,True,a475fa249340bf0a05f5409280c5bd737b0136ca0d8b40302e853d691b885d07,False
335821,275,91.5308,1.0,True,437fc9ee6379a5ac4cc3f4c9da1eaac9d8ddf2cf348838efec6035fc35e2d74e,False
335823,275,0.0,1.0,True,ef4c293e918c988b15a5fb567d587c9c972eac0da995b3fcd49cb9d5e3d195e3,False
335824,275,124.10181818181819,1.0,True,e625b0a97f5ac27c4de187b48dd485fe69771ea08d35e2f3f2b5207c53cdd1b1,False
335825,275,0.0,1.0,True,cebf0811044a82ff337713ef163e1cb2b73f3baea397c623d5fe1ba5ba9493b5,False
335826,275,51.08869090909091,1.0,True,4aba70abeae7d47477e183a155a6e07383d22e02bf151893bcb23026e9e797ca,False
335827,275,0.0,1.0,True,f558ffd6fe2257c92b5e40ccebf63d5514c1df0c227a7c25f0482c474d3fae59,False
335828,275,15.975563636363635,1.0,True,22d158a48749b639eea51c6fae8ab94b634e14c42e668bbc353706e0310b55d6,False
335829,275,64.8190909090909,1.0,True,f49fd5bf98c09670e3a6b56236ee6cad7afec99ddd8f0e001124916cf87e8f4e,False
335830,275,86.48323636363637,1.0,True,d85975818ea5d97fbe62f33f08cfafed91f9eaf6c936a68296cba1ea6306ebcb,False
335831,275,1.4918181818181817,1.0,True,c4bc968a4db4d22ff32d1aecf8730bc48b475265774f5615bb3884d2eb4dd05f,False
335832,275,0.0,1.0,True,a3f644fd886bf9e0092202db3195757f4e59ab512fd7ec26a428be689bfcaaff,False
335833,275,100.22349090909091,1.0,True,37077d2cd652d174b8dd5a5bc1ef73cde670bc40d642dd2a0c9ad14497582f88,False
335834,275,52.49545454545454,1.0,True,629f85821a0a2fdb8b50dac93abe5619298c13a59878473e816aa14a70914ed5,False
335835,275,33.92789090909091,1.0,True,0da5eff7bc7b02bcb99c3fd515a59322e4559f3f48a1db49302eae44de9dcc62,True
335837,275,96.83316363636364,1.0,True,d439b1d46e17fb2584dbf9aca3443c50d6cd4888868c781fca20e0a449436197,False
335838,275,416.7878181818182,1.0,True,2bcdab014bac1cac1b7eecc7c35c7ba16e8b15d7e09e6e1a572f70cd02b3b501,False
335839,275,52.07818181818182,1.0,True,1f7ed021ff1db483d2097751792d6e61efc6dea8ad7061595821c1aea17726ca,False
335840,275,91.25083636363637,1.0,True,81a37d0dee89be1d786e05f12faba49b23b66793fca6d4631008e478facfb80f,False
335842,275,31.4216,1.0,True,0b7711a522aa3ab7270dc76185bbcfd86c4c701f3d73048e36f5bc660e8f992c,True
335843,275,90.74523636363637,1.0,True,1354388784e968ba2cb63bba69daef094f1b5f5567b8f29067fec6dc2b4f3b81,True
335844,275,8.036727272727273,1.0,True,66a6f964bbcc71a577d59a746838879ec7ac7f38ff32e0228a3f775be4669696,False
335845,275,56.23098181818182,1.0,True,e251424a29ae71621568c4960677cc52a58be9dfd4d5569fec164cf84b6b9b9c,False
335847,275,19.923636363636362,1.0,True,8fdb494c29e6f010c36025941311ebebea5dc860642c9d212bbb89bd5a91d772,False
335848,275,0.0,1.0,True,990553805cd7912be6e59e6391c049b3348682c1eb7a6d4d10e80c24172c6d5e,False
335850,275,229.05818181818182,1.0,True,1139a6ecfff4900e49013a0c6315b6660f923ce8e72a27232935e5dd6f4dd789,True
335853,275,0.0,1.0,True,4d6a1e2af36719652738f4b99a25e34ce35c3f52eec2dbad77d2ca517ca25f8b,False
335854,275,0.0,1.0,True,64ecb2cb7523b62942bc732a5c590fa87a11bdd27c28d7a8d54c72e6fb1ec35b,False
335857,275,36.099636363636364,1.0,True,a11623861177b09ffb75ae5515802848048544727f98c3549ebc45261d442ce6,False
335858,275,0.0,1.0,True,b329bd02c11ab5a9fc88d55168632d3f6416d1bd0fa599c2aff8ed8b5d26634f,False
335859,275,0.08934545454545455,1.0,True,08fa5a0365f87c46eb13e848e4b0bb328486124449d5a0e5802b938c2d870bdd,True
335860,275,7.134145454545455,1.0,True,3ae969a169cc76ab0acef585831bf5638bf5d265088c3454a07a0422ddeebcc3,False
335861,275,103.72650909090909,1.0,True,1a02f2ad8e3be3f3c76c68ed7fe95ac89d859200684564b155f2ab249b4a3340,False
335863,275,0.0,1.0,True,c136a891fce21fe6bdda8da0a984c28f216f02d3d3ff9319732e2335e58f049d,False
335865,275,0.0,1.0,True,930b3e36e1a29f5353a6058f61f43c831150a0055f2bab3ddcd40e8be3f0c382,False
335869,91,0.0,0.33090909090909093,False,afcc828451486151f25597946290606ffaa11f26edbdc1a37b876c28daf79d82,False
335870,275,10.424545454545454,1.0,True,ce4f0e80be313d102fb678f3b3779f970c79ec2ddd8499e2b516a3bcefd08e3f,False
335871,275,0.0,1.0,True,301d59860863c3aa33e793a147f8597723ae510adc098712726f5a4c01f720f9,False
335873,275,0.0,1.0,True,cc7d651b03bf596b72bad73bf784c9f14a280b0e36b210f43d27fb56e58b54c3,False
335874,275,0.0,1.0,True,197b5acf8811267d210d72e8163633be47d98e74cd8a893d5d1e2c2967d1f003,False
335876,275,28.139454545454548,1.0,True,71e1f853f7747e1a41276546e74748e0bcae35af28812422888ebcd078221826,False
335878,275,3.829090909090909,1.0,True,d07c281e40eafcf277c6b268c368b2732e8d0e9dd2ce9d68983dcac937f895a0,False
33A081,91,0.0,0.33090909090909093,False,85d3a8c17e8835775c4c630437632da77ba3a7b2ba51f84cd09a2154539cd332,False
33A246,275,42.43527272727273,1.0,True,4aabba562ea2ceb7530804e4107249441141a448e5bf6125f6e24017d2caa54b,False
